Date,Sector,Ticker,Change(%)
2026-02-11,Utilities,XLU,1.66
2026-02-11,Materials,XLB,1.4
2026-02-11,Real Estate,XLRE,1.4
2026-02-11,Consumer Discretionary,XLY,0.66
2026-02-11,Communication Services,XLC,0.6
2026-02-11,Industrials,XLI,0.12
2026-02-11,Energy,XLE,-0.11
2026-02-11,Consumer Staples,XLP,-0.32
2026-02-11,Technology,XLK,-0.56
2026-02-11,Healthcare,XLV,-0.63
2026-02-11,Financials,XLF,-0.72
2026-02-11,Utilities,XLU,1.66
2026-02-11,Materials,XLB,1.4
2026-02-11,Real Estate,XLRE,1.4
2026-02-11,Consumer Discretionary,XLY,0.66
2026-02-11,Communication Services,XLC,0.6
2026-02-11,Industrials,XLI,0.12
2026-02-11,Energy,XLE,-0.11
2026-02-11,Consumer Staples,XLP,-0.32
2026-02-11,Technology,XLK,-0.56
2026-02-11,Healthcare,XLV,-0.63
2026-02-11,Financials,XLF,-0.72
2026-02-11,Utilities,XLU,1.66
2026-02-11,Materials,XLB,1.4
2026-02-11,Real Estate,XLRE,1.4
2026-02-11,Consumer Discretionary,XLY,0.66
2026-02-11,Communication Services,XLC,0.6
2026-02-11,Industrials,XLI,0.12
2026-02-11,Energy,XLE,-0.11
2026-02-11,Consumer Staples,XLP,-0.32
2026-02-11,Technology,XLK,-0.56
2026-02-11,Healthcare,XLV,-0.63
2026-02-11,Financials,XLF,-0.72
2026-02-11,Utilities,XLU,1.66
2026-02-11,Materials,XLB,1.4
2026-02-11,Real Estate,XLRE,1.4
2026-02-11,Consumer Discretionary,XLY,0.66
2026-02-11,Communication Services,XLC,0.6
2026-02-11,Industrials,XLI,0.12
2026-02-11,Energy,XLE,-0.11
2026-02-11,Consumer Staples,XLP,-0.32
2026-02-11,Technology,XLK,-0.56
2026-02-11,Healthcare,XLV,-0.63
2026-02-11,Financials,XLF,-0.72
2026-02-11,Utilities,XLU,1.66
2026-02-11,Materials,XLB,1.4
2026-02-11,Real Estate,XLRE,1.4
2026-02-11,Consumer Discretionary,XLY,0.66
2026-02-11,Communication Services,XLC,0.6
2026-02-11,Industrials,XLI,0.12
2026-02-11,Energy,XLE,-0.11
2026-02-11,Consumer Staples,XLP,-0.32
2026-02-11,Technology,XLK,-0.56
2026-02-11,Healthcare,XLV,-0.63
2026-02-11,Financials,XLF,-0.72
2026-02-11,Energy,XLE,2.61
2026-02-11,Consumer Staples,XLP,1.43
2026-02-11,Materials,XLB,1.34
2026-02-11,Utilities,XLU,0.88
2026-02-11,Healthcare,XLV,0.59
2026-02-11,Industrials,XLI,0.53
2026-02-11,Technology,XLK,0.29
2026-02-11,Real Estate,XLRE,-0.09
2026-02-11,Consumer Discretionary,XLY,-0.48
2026-02-11,Communication Services,XLC,-0.71
2026-02-11,Financials,XLF,-1.51
2026-02-12,Energy,XLE,2.61
2026-02-12,Consumer Staples,XLP,1.43
2026-02-12,Materials,XLB,1.34
2026-02-12,Utilities,XLU,0.88
2026-02-12,Healthcare,XLV,0.59
2026-02-12,Industrials,XLI,0.53
2026-02-12,Technology,XLK,0.29
2026-02-12,Real Estate,XLRE,-0.09
2026-02-12,Consumer Discretionary,XLY,-0.48
2026-02-12,Communication Services,XLC,-0.71
2026-02-12,Financials,XLF,-1.51
2026-02-12,Utilities,XLU,1.48
2026-02-12,Consumer Staples,XLP,0.92
2026-02-12,Real Estate,XLRE,0.16
2026-02-12,Healthcare,XLV,-0.16
2026-02-12,Industrials,XLI,-1.2
2026-02-12,Consumer Discretionary,XLY,-1.38
2026-02-12,Materials,XLB,-1.47
2026-02-12,Communication Services,XLC,-1.8
2026-02-12,Energy,XLE,-1.82
2026-02-12,Financials,XLF,-1.99
2026-02-12,Technology,XLK,-2.63
2026-02-13,Utilities,XLU,1.48
2026-02-13,Consumer Staples,XLP,0.92
2026-02-13,Real Estate,XLRE,0.16
2026-02-13,Healthcare,XLV,-0.16
2026-02-13,Industrials,XLI,-1.2
2026-02-13,Consumer Discretionary,XLY,-1.38
2026-02-13,Materials,XLB,-1.47
2026-02-13,Communication Services,XLC,-1.8
2026-02-13,Energy,XLE,-1.82
2026-02-13,Financials,XLF,-1.99
2026-02-13,Technology,XLK,-2.63
2026-02-13,Utilities,XLU,2.76
2026-02-13,Real Estate,XLRE,1.47
2026-02-13,Healthcare,XLV,1.07
2026-02-13,Materials,XLB,0.91
2026-02-13,Industrials,XLI,0.82
2026-02-13,Energy,XLE,0.69
2026-02-13,Consumer Staples,XLP,0.34
2026-02-13,Technology,XLK,0.25
2026-02-13,Consumer Discretionary,XLY,0.04
2026-02-13,Communication Services,XLC,-0.05
2026-02-13,Financials,XLF,-0.08
2026-02-14,Utilities,XLU,2.76
2026-02-14,Real Estate,XLRE,1.47
2026-02-14,Healthcare,XLV,1.07
2026-02-14,Materials,XLB,0.91
2026-02-14,Industrials,XLI,0.82
2026-02-14,Energy,XLE,0.69
2026-02-14,Consumer Staples,XLP,0.34
2026-02-14,Technology,XLK,0.25
2026-02-14,Consumer Discretionary,XLY,0.04
2026-02-14,Communication Services,XLC,-0.05
2026-02-14,Financials,XLF,-0.08
2026-02-14,Utilities,XLU,2.76
2026-02-14,Real Estate,XLRE,1.47
2026-02-14,Healthcare,XLV,1.07
2026-02-14,Materials,XLB,0.91
2026-02-14,Industrials,XLI,0.82
2026-02-14,Energy,XLE,0.69
2026-02-14,Consumer Staples,XLP,0.34
2026-02-14,Technology,XLK,0.25
2026-02-14,Consumer Discretionary,XLY,0.04
2026-02-14,Communication Services,XLC,-0.05
2026-02-14,Financials,XLF,-0.08
2026-02-15,Utilities,XLU,2.76
2026-02-15,Real Estate,XLRE,1.47
2026-02-15,Healthcare,XLV,1.07
2026-02-15,Materials,XLB,0.91
2026-02-15,Industrials,XLI,0.82
2026-02-15,Energy,XLE,0.69
2026-02-15,Consumer Staples,XLP,0.34
2026-02-15,Technology,XLK,0.25
2026-02-15,Consumer Discretionary,XLY,0.04
2026-02-15,Communication Services,XLC,-0.05
2026-02-15,Financials,XLF,-0.08
2026-02-15,Utilities,XLU,2.76
2026-02-15,Real Estate,XLRE,1.47
2026-02-15,Healthcare,XLV,1.07
2026-02-15,Materials,XLB,0.91
2026-02-15,Industrials,XLI,0.82
2026-02-15,Energy,XLE,0.69
2026-02-15,Consumer Staples,XLP,0.34
2026-02-15,Technology,XLK,0.25
2026-02-15,Consumer Discretionary,XLY,0.04
2026-02-15,Communication Services,XLC,-0.05
2026-02-15,Financials,XLF,-0.08
2026-02-16,Utilities,XLU,2.76
2026-02-16,Real Estate,XLRE,1.47
2026-02-16,Healthcare,XLV,1.07
2026-02-16,Materials,XLB,0.91
2026-02-16,Industrials,XLI,0.82
2026-02-16,Energy,XLE,0.69
2026-02-16,Consumer Staples,XLP,0.34
2026-02-16,Technology,XLK,0.25
2026-02-16,Consumer Discretionary,XLY,0.04
2026-02-16,Communication Services,XLC,-0.05
2026-02-16,Financials,XLF,-0.08
2026-02-16,Utilities,XLU,2.76
2026-02-16,Real Estate,XLRE,1.47
2026-02-16,Healthcare,XLV,1.07
2026-02-16,Materials,XLB,0.91
2026-02-16,Industrials,XLI,0.82
2026-02-16,Energy,XLE,0.69
2026-02-16,Consumer Staples,XLP,0.34
2026-02-16,Technology,XLK,0.25
2026-02-16,Consumer Discretionary,XLY,0.04
2026-02-16,Communication Services,XLC,-0.05
2026-02-16,Financials,XLF,-0.08
2026-02-17,Utilities,XLU,2.76
2026-02-17,Real Estate,XLRE,1.47
2026-02-17,Healthcare,XLV,1.07
2026-02-17,Materials,XLB,0.91
2026-02-17,Industrials,XLI,0.82
2026-02-17,Energy,XLE,0.69
2026-02-17,Consumer Staples,XLP,0.34
2026-02-17,Technology,XLK,0.25
2026-02-17,Consumer Discretionary,XLY,0.04
2026-02-17,Communication Services,XLC,-0.05
2026-02-17,Financials,XLF,-0.08
2026-02-17,Financials,XLF,1.06
2026-02-17,Real Estate,XLRE,1.01
2026-02-17,Industrials,XLI,0.52
2026-02-17,Technology,XLK,-0.06
2026-02-17,Consumer Discretionary,XLY,-0.12
2026-02-17,Communication Services,XLC,-0.16
2026-02-17,Healthcare,XLV,-0.19
2026-02-17,Utilities,XLU,-0.26
2026-02-17,Energy,XLE,-1.1
2026-02-17,Materials,XLB,-1.14
2026-02-17,Consumer Staples,XLP,-1.46
2026-02-18,Financials,XLF,1.06
2026-02-18,Real Estate,XLRE,1.01
2026-02-18,Industrials,XLI,0.52
2026-02-18,Technology,XLK,-0.06
2026-02-18,Consumer Discretionary,XLY,-0.12
2026-02-18,Communication Services,XLC,-0.16
2026-02-18,Healthcare,XLV,-0.19
2026-02-18,Utilities,XLU,-0.26
2026-02-18,Energy,XLE,-1.1
2026-02-18,Materials,XLB,-1.14
2026-02-18,Consumer Staples,XLP,-1.46
2026-02-18,Energy,XLE,1.92
2026-02-18,Technology,XLK,1.03
2026-02-18,Consumer Discretionary,XLY,0.84
2026-02-18,Financials,XLF,0.75
2026-02-18,Materials,XLB,0.61
2026-02-18,Healthcare,XLV,0.19
2026-02-18,Communication Services,XLC,0.17
2026-02-18,Industrials,XLI,-0.02
2026-02-18,Consumer Staples,XLP,-0.18
2026-02-18,Real Estate,XLRE,-1.34
2026-02-18,Utilities,XLU,-1.66
2026-02-19,Energy,XLE,1.92
2026-02-19,Technology,XLK,1.03
2026-02-19,Consumer Discretionary,XLY,0.84
2026-02-19,Financials,XLF,0.75
2026-02-19,Materials,XLB,0.61
2026-02-19,Healthcare,XLV,0.19
2026-02-19,Communication Services,XLC,0.17
2026-02-19,Industrials,XLI,-0.02
2026-02-19,Consumer Staples,XLP,-0.18
2026-02-19,Real Estate,XLRE,-1.34
2026-02-19,Utilities,XLU,-1.66
2026-02-19,Utilities,XLU,1.1
2026-02-19,Industrials,XLI,0.74
2026-02-19,Energy,XLE,0.73
2026-02-19,Communication Services,XLC,0.48
2026-02-19,Healthcare,XLV,-0.26
2026-02-19,Real Estate,XLRE,-0.35
2026-02-19,Materials,XLB,-0.36
2026-02-19,Consumer Staples,XLP,-0.42
2026-02-19,Technology,XLK,-0.5
2026-02-19,Consumer Discretionary,XLY,-0.67
2026-02-19,Financials,XLF,-0.84
2026-02-20,Utilities,XLU,1.1
2026-02-20,Industrials,XLI,0.74
2026-02-20,Energy,XLE,0.73
2026-02-20,Communication Services,XLC,0.48
2026-02-20,Healthcare,XLV,-0.26
2026-02-20,Real Estate,XLRE,-0.35
2026-02-20,Materials,XLB,-0.36
2026-02-20,Consumer Staples,XLP,-0.42
2026-02-20,Technology,XLK,-0.5
2026-02-20,Consumer Discretionary,XLY,-0.67
2026-02-20,Financials,XLF,-0.84
2026-02-20,Communication Services,XLC,1.44
2026-02-20,Consumer Discretionary,XLY,1.04
2026-02-20,Real Estate,XLRE,0.83
2026-02-20,Financials,XLF,0.65
2026-02-20,Industrials,XLI,0.5
2026-02-20,Technology,XLK,0.48
2026-02-20,Utilities,XLU,0.48
2026-02-20,Consumer Staples,XLP,0.25
2026-02-20,Materials,XLB,0.25
2026-02-20,Healthcare,XLV,-0.28
2026-02-20,Energy,XLE,-0.54
2026-02-21,Communication Services,XLC,1.44
2026-02-21,Consumer Discretionary,XLY,1.04
2026-02-21,Real Estate,XLRE,0.83
2026-02-21,Financials,XLF,0.65
2026-02-21,Industrials,XLI,0.5
2026-02-21,Technology,XLK,0.48
2026-02-21,Utilities,XLU,0.48
2026-02-21,Consumer Staples,XLP,0.25
2026-02-21,Materials,XLB,0.25
2026-02-21,Healthcare,XLV,-0.28
2026-02-21,Energy,XLE,-0.54
2026-02-21,Communication Services,XLC,1.44
2026-02-21,Consumer Discretionary,XLY,1.04
2026-02-21,Real Estate,XLRE,0.83
2026-02-21,Financials,XLF,0.65
2026-02-21,Industrials,XLI,0.5
2026-02-21,Technology,XLK,0.48
2026-02-21,Utilities,XLU,0.48
2026-02-21,Consumer Staples,XLP,0.25
2026-02-21,Materials,XLB,0.25
2026-02-21,Healthcare,XLV,-0.28
2026-02-21,Energy,XLE,-0.54
2026-02-22,Communication Services,XLC,1.44
2026-02-22,Consumer Discretionary,XLY,1.04
2026-02-22,Real Estate,XLRE,0.83
2026-02-22,Financials,XLF,0.65
2026-02-22,Industrials,XLI,0.5
2026-02-22,Technology,XLK,0.48
2026-02-22,Utilities,XLU,0.48
2026-02-22,Consumer Staples,XLP,0.25
2026-02-22,Materials,XLB,0.25
2026-02-22,Healthcare,XLV,-0.28
2026-02-22,Energy,XLE,-0.54
2026-02-22,Communication Services,XLC,1.44
2026-02-22,Consumer Discretionary,XLY,1.04
2026-02-22,Real Estate,XLRE,0.83
2026-02-22,Financials,XLF,0.65
2026-02-22,Industrials,XLI,0.5
2026-02-22,Technology,XLK,0.48
2026-02-22,Utilities,XLU,0.48
2026-02-22,Consumer Staples,XLP,0.25
2026-02-22,Materials,XLB,0.25
2026-02-22,Healthcare,XLV,-0.28
2026-02-22,Energy,XLE,-0.54
2026-02-23,Communication Services,XLC,1.44
2026-02-23,Consumer Discretionary,XLY,1.04
2026-02-23,Real Estate,XLRE,0.83
2026-02-23,Financials,XLF,0.65
2026-02-23,Industrials,XLI,0.5
2026-02-23,Technology,XLK,0.48
2026-02-23,Utilities,XLU,0.48
2026-02-23,Consumer Staples,XLP,0.25
2026-02-23,Materials,XLB,0.25
2026-02-23,Healthcare,XLV,-0.28
2026-02-23,Energy,XLE,-0.54
2026-02-23,Consumer Staples,XLP,1.23
2026-02-23,Healthcare,XLV,1.1
2026-02-23,Utilities,XLU,0.76
2026-02-23,Energy,XLE,0.49
2026-02-23,Real Estate,XLRE,0.11
2026-02-23,Materials,XLB,0.0
2026-02-23,Communication Services,XLC,-1.23
2026-02-23,Industrials,XLI,-1.35
2026-02-23,Technology,XLK,-1.68
2026-02-23,Consumer Discretionary,XLY,-2.09
2026-02-23,Financials,XLF,-3.35
2026-02-24,Consumer Staples,XLP,1.23
2026-02-24,Healthcare,XLV,1.1
2026-02-24,Utilities,XLU,0.76
2026-02-24,Energy,XLE,0.49
2026-02-24,Real Estate,XLRE,0.11
2026-02-24,Materials,XLB,0.0
2026-02-24,Communication Services,XLC,-1.23
2026-02-24,Industrials,XLI,-1.35
2026-02-24,Technology,XLK,-1.68
2026-02-24,Consumer Discretionary,XLY,-2.09
2026-02-24,Financials,XLF,-3.35
2026-02-24,Consumer Discretionary,XLY,1.52
2026-02-24,Technology,XLK,1.3
2026-02-24,Industrials,XLI,1.23
2026-02-24,Utilities,XLU,1.11
2026-02-24,Consumer Staples,XLP,0.87
2026-02-24,Materials,XLB,0.76
2026-02-24,Communication Services,XLC,0.69
2026-02-24,Financials,XLF,0.49
2026-02-24,Real Estate,XLRE,0.28
2026-02-24,Energy,XLE,-0.09
2026-02-24,Healthcare,XLV,-0.42
2026-02-25,Consumer Discretionary,XLY,1.52
2026-02-25,Technology,XLK,1.3
2026-02-25,Industrials,XLI,1.23
2026-02-25,Utilities,XLU,1.11
2026-02-25,Consumer Staples,XLP,0.87
2026-02-25,Materials,XLB,0.76
2026-02-25,Communication Services,XLC,0.69
2026-02-25,Financials,XLF,0.49
2026-02-25,Real Estate,XLRE,0.28
2026-02-25,Energy,XLE,-0.09
2026-02-25,Healthcare,XLV,-0.42
2026-02-25,Technology,XLK,1.92
2026-02-25,Financials,XLF,1.75
2026-02-25,Utilities,XLU,0.34
2026-02-25,Consumer Discretionary,XLY,0.3
2026-02-25,Communication Services,XLC,0.29
2026-02-25,Healthcare,XLV,-0.03
2026-02-25,Energy,XLE,-0.42
2026-02-25,Materials,XLB,-0.56
2026-02-25,Real Estate,XLRE,-0.66
2026-02-25,Industrials,XLI,-0.78
2026-02-25,Consumer Staples,XLP,-0.81
2026-02-26,Technology,XLK,1.92
2026-02-26,Financials,XLF,1.75
2026-02-26,Utilities,XLU,0.34
2026-02-26,Consumer Discretionary,XLY,0.3
2026-02-26,Communication Services,XLC,0.29
2026-02-26,Healthcare,XLV,-0.03
2026-02-26,Energy,XLE,-0.42
2026-02-26,Materials,XLB,-0.56
2026-02-26,Real Estate,XLRE,-0.66
2026-02-26,Industrials,XLI,-0.78
2026-02-26,Consumer Staples,XLP,-0.81
2026-02-26,Financials,XLF,1.21
2026-02-26,Industrials,XLI,0.63
2026-02-26,Real Estate,XLRE,0.44
2026-02-26,Energy,XLE,0.33
2026-02-26,Communication Services,XLC,0.19
2026-02-26,Consumer Discretionary,XLY,-0.03
2026-02-26,Materials,XLB,-0.11
2026-02-26,Consumer Staples,XLP,-0.17
2026-02-26,Healthcare,XLV,-0.26
2026-02-26,Utilities,XLU,-0.38
2026-02-26,Technology,XLK,-1.4
2026-02-27,Financials,XLF,1.21
2026-02-27,Industrials,XLI,0.63
2026-02-27,Real Estate,XLRE,0.44
2026-02-27,Energy,XLE,0.33
2026-02-27,Communication Services,XLC,0.19
2026-02-27,Consumer Discretionary,XLY,-0.03
2026-02-27,Materials,XLB,-0.11
2026-02-27,Consumer Staples,XLP,-0.17
2026-02-27,Healthcare,XLV,-0.26
2026-02-27,Utilities,XLU,-0.38
2026-02-27,Technology,XLK,-1.4
2026-02-27,Healthcare,XLV,1.77
2026-02-27,Energy,XLE,1.58
2026-02-27,Consumer Staples,XLP,1.29
2026-02-27,Utilities,XLU,1.17
2026-02-27,Communication Services,XLC,1.14
2026-02-27,Materials,XLB,0.77
2026-02-27,Real Estate,XLRE,0.48
2026-02-27,Industrials,XLI,0.25
2026-02-27,Consumer Discretionary,XLY,-0.16
2026-02-27,Technology,XLK,-1.6
2026-02-27,Financials,XLF,-2.04
2026-02-28,Healthcare,XLV,1.77
2026-02-28,Energy,XLE,1.58
2026-02-28,Consumer Staples,XLP,1.29
2026-02-28,Utilities,XLU,1.17
2026-02-28,Communication Services,XLC,1.14
2026-02-28,Materials,XLB,0.77
2026-02-28,Real Estate,XLRE,0.48
2026-02-28,Industrials,XLI,0.25
2026-02-28,Consumer Discretionary,XLY,-0.16
2026-02-28,Technology,XLK,-1.6
2026-02-28,Financials,XLF,-2.04
2026-02-28,Healthcare,XLV,1.77
2026-02-28,Energy,XLE,1.58
2026-02-28,Consumer Staples,XLP,1.29
2026-02-28,Utilities,XLU,1.17
2026-02-28,Communication Services,XLC,1.14
2026-02-28,Materials,XLB,0.77
2026-02-28,Real Estate,XLRE,0.48
2026-02-28,Industrials,XLI,0.25
2026-02-28,Consumer Discretionary,XLY,-0.16
2026-02-28,Technology,XLK,-1.6
2026-02-28,Financials,XLF,-2.04
2026-03-01,Healthcare,XLV,1.77
2026-03-01,Energy,XLE,1.58
2026-03-01,Consumer Staples,XLP,1.29
2026-03-01,Utilities,XLU,1.17
2026-03-01,Communication Services,XLC,1.14
2026-03-01,Materials,XLB,0.77
2026-03-01,Real Estate,XLRE,0.48
2026-03-01,Industrials,XLI,0.25
2026-03-01,Consumer Discretionary,XLY,-0.16
2026-03-01,Technology,XLK,-1.6
2026-03-01,Financials,XLF,-2.04
2026-03-01,Healthcare,XLV,1.77
2026-03-01,Energy,XLE,1.58
2026-03-01,Consumer Staples,XLP,1.29
2026-03-01,Utilities,XLU,1.17
2026-03-01,Communication Services,XLC,1.14
2026-03-01,Materials,XLB,0.77
2026-03-01,Real Estate,XLRE,0.48
2026-03-01,Industrials,XLI,0.25
2026-03-01,Consumer Discretionary,XLY,-0.16
2026-03-01,Technology,XLK,-1.6
2026-03-01,Financials,XLF,-2.04
2026-03-02,Healthcare,XLV,1.77
2026-03-02,Energy,XLE,1.58
2026-03-02,Consumer Staples,XLP,1.29
2026-03-02,Utilities,XLU,1.17
2026-03-02,Communication Services,XLC,1.14
2026-03-02,Materials,XLB,0.77
2026-03-02,Real Estate,XLRE,0.48
2026-03-02,Industrials,XLI,0.25
2026-03-02,Consumer Discretionary,XLY,-0.16
2026-03-02,Technology,XLK,-1.6
2026-03-02,Financials,XLF,-2.04
2026-03-02,Energy,XLE,2.0
2026-03-02,Industrials,XLI,0.99
2026-03-02,Technology,XLK,0.56
2026-03-02,Real Estate,XLRE,0.18
2026-03-02,Communication Services,XLC,-0.15
2026-03-02,Financials,XLF,-0.25
2026-03-02,Materials,XLB,-0.3
2026-03-02,Utilities,XLU,-0.75
2026-03-02,Healthcare,XLV,-1.04
2026-03-02,Consumer Discretionary,XLY,-1.23
2026-03-02,Consumer Staples,XLP,-1.44
2026-03-03,Energy,XLE,2.0
2026-03-03,Industrials,XLI,0.99
2026-03-03,Technology,XLK,0.56
2026-03-03,Real Estate,XLRE,0.18
2026-03-03,Communication Services,XLC,-0.15
2026-03-03,Financials,XLF,-0.25
2026-03-03,Materials,XLB,-0.3
2026-03-03,Utilities,XLU,-0.75
2026-03-03,Healthcare,XLV,-1.04
2026-03-03,Consumer Discretionary,XLY,-1.23
2026-03-03,Consumer Staples,XLP,-1.44
2026-03-03,Communication Services,XLC,0.08
2026-03-03,Financials,XLF,-0.18
2026-03-03,Real Estate,XLRE,-0.5
2026-03-03,Utilities,XLU,-0.63
2026-03-03,Energy,XLE,-0.91
2026-03-03,Consumer Discretionary,XLY,-0.92
2026-03-03,Consumer Staples,XLP,-1.09
2026-03-03,Healthcare,XLV,-1.13
2026-03-03,Technology,XLK,-1.46
2026-03-03,Industrials,XLI,-1.93
2026-03-03,Materials,XLB,-2.46
2026-03-04,Communication Services,XLC,0.08
2026-03-04,Financials,XLF,-0.18
2026-03-04,Real Estate,XLRE,-0.5
2026-03-04,Utilities,XLU,-0.63
2026-03-04,Energy,XLE,-0.91
2026-03-04,Consumer Discretionary,XLY,-0.92
2026-03-04,Consumer Staples,XLP,-1.09
2026-03-04,Healthcare,XLV,-1.13
2026-03-04,Technology,XLK,-1.46
2026-03-04,Industrials,XLI,-1.93
2026-03-04,Materials,XLB,-2.46
2026-03-04,Consumer Discretionary,XLY,1.78
2026-03-04,Technology,XLK,1.7
2026-03-04,Communication Services,XLC,0.7
2026-03-04,Financials,XLF,0.57
2026-03-04,Utilities,XLU,0.42
2026-03-04,Industrials,XLI,0.3
2026-03-04,Healthcare,XLV,0.2
2026-03-04,Real Estate,XLRE,0.14
2026-03-04,Materials,XLB,-0.04
2026-03-04,Energy,XLE,-0.58
2026-03-04,Consumer Staples,XLP,-0.66
2026-03-05,Consumer Discretionary,XLY,1.78
2026-03-05,Technology,XLK,1.7
2026-03-05,Communication Services,XLC,0.7
2026-03-05,Financials,XLF,0.57
2026-03-05,Utilities,XLU,0.42
2026-03-05,Industrials,XLI,0.3
2026-03-05,Healthcare,XLV,0.2
2026-03-05,Real Estate,XLRE,0.14
2026-03-05,Materials,XLB,-0.04
2026-03-05,Energy,XLE,-0.58
2026-03-05,Consumer Staples,XLP,-0.66
2026-03-05,Energy,XLE,0.52
2026-03-05,Technology,XLK,0.24
2026-03-05,Consumer Discretionary,XLY,0.14
2026-03-05,Communication Services,XLC,-0.29
2026-03-05,Financials,XLF,-0.52
2026-03-05,Utilities,XLU,-0.78
2026-03-05,Real Estate,XLRE,-0.96
2026-03-05,Healthcare,XLV,-2.0
2026-03-05,Consumer Staples,XLP,-2.01
2026-03-05,Materials,XLB,-2.1
2026-03-05,Industrials,XLI,-2.22
2026-03-06,Energy,XLE,0.52
2026-03-06,Technology,XLK,0.24
2026-03-06,Consumer Discretionary,XLY,0.14
2026-03-06,Communication Services,XLC,-0.29
2026-03-06,Financials,XLF,-0.52
2026-03-06,Utilities,XLU,-0.78
2026-03-06,Real Estate,XLRE,-0.96
2026-03-06,Healthcare,XLV,-2.0
2026-03-06,Consumer Staples,XLP,-2.01
2026-03-06,Materials,XLB,-2.1
2026-03-06,Industrials,XLI,-2.22
2026-03-06,Consumer Staples,XLP,0.43
2026-03-06,Energy,XLE,0.16
2026-03-06,Utilities,XLU,-0.34
2026-03-06,Healthcare,XLV,-0.79
2026-03-06,Communication Services,XLC,-0.83
2026-03-06,Real Estate,XLRE,-1.04
2026-03-06,Industrials,XLI,-1.23
2026-03-06,Financials,XLF,-1.29
2026-03-06,Consumer Discretionary,XLY,-1.81
2026-03-06,Materials,XLB,-1.91
2026-03-06,Technology,XLK,-2.06
2026-03-07,Consumer Staples,XLP,0.43
2026-03-07,Energy,XLE,0.16
2026-03-07,Utilities,XLU,-0.34
2026-03-07,Healthcare,XLV,-0.79
2026-03-07,Communication Services,XLC,-0.83
2026-03-07,Real Estate,XLRE,-1.04
2026-03-07,Industrials,XLI,-1.23
2026-03-07,Financials,XLF,-1.29
2026-03-07,Consumer Discretionary,XLY,-1.81
2026-03-07,Materials,XLB,-1.91
2026-03-07,Technology,XLK,-2.06
2026-03-07,Consumer Staples,XLP,0.43
2026-03-07,Energy,XLE,0.16
2026-03-07,Utilities,XLU,-0.34
2026-03-07,Healthcare,XLV,-0.79
2026-03-07,Communication Services,XLC,-0.83
2026-03-07,Real Estate,XLRE,-1.04
2026-03-07,Industrials,XLI,-1.23
2026-03-07,Financials,XLF,-1.29
2026-03-07,Consumer Discretionary,XLY,-1.81
2026-03-07,Materials,XLB,-1.91
2026-03-07,Technology,XLK,-2.06
2026-03-08,Consumer Staples,XLP,0.43
2026-03-08,Energy,XLE,0.16
2026-03-08,Utilities,XLU,-0.34
2026-03-08,Healthcare,XLV,-0.79
2026-03-08,Communication Services,XLC,-0.83
2026-03-08,Real Estate,XLRE,-1.04
2026-03-08,Industrials,XLI,-1.23
2026-03-08,Financials,XLF,-1.29
2026-03-08,Consumer Discretionary,XLY,-1.81
2026-03-08,Materials,XLB,-1.91
2026-03-08,Technology,XLK,-2.06
2026-03-08,Consumer Staples,XLP,0.43
2026-03-08,Energy,XLE,0.16
2026-03-08,Utilities,XLU,-0.34
2026-03-08,Healthcare,XLV,-0.79
2026-03-08,Communication Services,XLC,-0.83
2026-03-08,Real Estate,XLRE,-1.04
2026-03-08,Industrials,XLI,-1.23
2026-03-08,Financials,XLF,-1.29
2026-03-08,Consumer Discretionary,XLY,-1.81
2026-03-08,Materials,XLB,-1.91
2026-03-08,Technology,XLK,-2.06
2026-03-09,Consumer Staples,XLP,0.43
2026-03-09,Energy,XLE,0.16
2026-03-09,Utilities,XLU,-0.34
2026-03-09,Healthcare,XLV,-0.79
2026-03-09,Communication Services,XLC,-0.83
2026-03-09,Real Estate,XLRE,-1.04
2026-03-09,Industrials,XLI,-1.23
2026-03-09,Financials,XLF,-1.29
2026-03-09,Consumer Discretionary,XLY,-1.81
2026-03-09,Materials,XLB,-1.91
2026-03-09,Technology,XLK,-2.06
2026-03-09,Technology,XLK,1.8
2026-03-09,Healthcare,XLV,1.02
2026-03-09,Industrials,XLI,0.59
2026-03-09,Materials,XLB,0.26
2026-03-09,Utilities,XLU,0.24
2026-03-09,Consumer Staples,XLP,0.22
2026-03-09,Real Estate,XLRE,0.21
2026-03-09,Consumer Discretionary,XLY,0.13
2026-03-09,Communication Services,XLC,0.09
2026-03-09,Energy,XLE,-0.44
2026-03-09,Financials,XLF,-0.47
2026-03-10,Technology,XLK,1.8
2026-03-10,Healthcare,XLV,1.02
2026-03-10,Industrials,XLI,0.59
2026-03-10,Materials,XLB,0.26
2026-03-10,Utilities,XLU,0.24
2026-03-10,Consumer Staples,XLP,0.22
2026-03-10,Real Estate,XLRE,0.21
2026-03-10,Consumer Discretionary,XLY,0.13
2026-03-10,Communication Services,XLC,0.09
2026-03-10,Energy,XLE,-0.44
2026-03-10,Financials,XLF,-0.47
2026-03-10,Technology,XLK,0.0
2026-03-10,Consumer Discretionary,XLY,-0.13
2026-03-10,Real Estate,XLRE,-0.14
2026-03-10,Communication Services,XLC,-0.15
2026-03-10,Materials,XLB,-0.22
2026-03-10,Consumer Staples,XLP,-0.29
2026-03-10,Financials,XLF,-0.54
2026-03-10,Industrials,XLI,-0.54
2026-03-10,Utilities,XLU,-0.62
2026-03-10,Healthcare,XLV,-0.72
2026-03-10,Energy,XLE,-1.28
2026-03-11,Technology,XLK,0.0
2026-03-11,Consumer Discretionary,XLY,-0.13
2026-03-11,Real Estate,XLRE,-0.14
2026-03-11,Communication Services,XLC,-0.15
2026-03-11,Materials,XLB,-0.22
2026-03-11,Consumer Staples,XLP,-0.29
2026-03-11,Financials,XLF,-0.54
2026-03-11,Industrials,XLI,-0.54
2026-03-11,Utilities,XLU,-0.62
2026-03-11,Healthcare,XLV,-0.72
2026-03-11,Energy,XLE,-1.28
2026-03-11,Energy,XLE,2.48
2026-03-11,Technology,XLK,0.48
2026-03-11,Materials,XLB,-0.08
2026-03-11,Healthcare,XLV,-0.2
2026-03-11,Consumer Discretionary,XLY,-0.26
2026-03-11,Industrials,XLI,-0.31
2026-03-11,Communication Services,XLC,-0.32
2026-03-11,Utilities,XLU,-0.84
2026-03-11,Financials,XLF,-0.84
2026-03-11,Real Estate,XLRE,-1.19
2026-03-11,Consumer Staples,XLP,-1.32
2026-03-12,Energy,XLE,2.48
2026-03-12,Technology,XLK,0.48
2026-03-12,Materials,XLB,-0.08
2026-03-12,Healthcare,XLV,-0.2
2026-03-12,Consumer Discretionary,XLY,-0.26
2026-03-12,Industrials,XLI,-0.31
2026-03-12,Communication Services,XLC,-0.32
2026-03-12,Utilities,XLU,-0.84
2026-03-12,Financials,XLF,-0.84
2026-03-12,Real Estate,XLRE,-1.19
2026-03-12,Consumer Staples,XLP,-1.32
2026-03-12,Energy,XLE,0.93
2026-03-12,Utilities,XLU,0.71
2026-03-12,Materials,XLB,-0.32
2026-03-12,Consumer Staples,XLP,-0.4
2026-03-12,Real Estate,XLRE,-0.64
2026-03-12,Communication Services,XLC,-1.48
2026-03-12,Financials,XLF,-1.63
2026-03-12,Healthcare,XLV,-1.76
2026-03-12,Technology,XLK,-1.84
2026-03-12,Consumer Discretionary,XLY,-2.3
2026-03-12,Industrials,XLI,-2.51
2026-03-13,Energy,XLE,0.93
2026-03-13,Utilities,XLU,0.71
2026-03-13,Materials,XLB,-0.32
2026-03-13,Consumer Staples,XLP,-0.4
2026-03-13,Real Estate,XLRE,-0.64
2026-03-13,Communication Services,XLC,-1.48
2026-03-13,Financials,XLF,-1.63
2026-03-13,Healthcare,XLV,-1.76
2026-03-13,Technology,XLK,-1.84
2026-03-13,Consumer Discretionary,XLY,-2.3
2026-03-13,Industrials,XLI,-2.51
2026-03-13,Utilities,XLU,0.99
2026-03-13,Consumer Staples,XLP,0.58
2026-03-13,Energy,XLE,0.33
2026-03-13,Real Estate,XLRE,0.26
2026-03-13,Financials,XLF,0.12
2026-03-13,Healthcare,XLV,-0.25
2026-03-13,Industrials,XLI,-0.36
2026-03-13,Consumer Discretionary,XLY,-0.59
2026-03-13,Communication Services,XLC,-0.71
2026-03-13,Technology,XLK,-0.75
2026-03-13,Materials,XLB,-0.99
2026-03-14,Utilities,XLU,0.99
2026-03-14,Consumer Staples,XLP,0.58
2026-03-14,Energy,XLE,0.33
2026-03-14,Real Estate,XLRE,0.26
2026-03-14,Financials,XLF,0.12
2026-03-14,Healthcare,XLV,-0.25
2026-03-14,Industrials,XLI,-0.36
2026-03-14,Consumer Discretionary,XLY,-0.59
2026-03-14,Communication Services,XLC,-0.71
2026-03-14,Technology,XLK,-0.75
2026-03-14,Materials,XLB,-0.99
2026-03-14,Utilities,XLU,0.99
2026-03-14,Consumer Staples,XLP,0.58
2026-03-14,Energy,XLE,0.33
2026-03-14,Real Estate,XLRE,0.26
2026-03-14,Financials,XLF,0.12
2026-03-14,Healthcare,XLV,-0.25
2026-03-14,Industrials,XLI,-0.36
2026-03-14,Consumer Discretionary,XLY,-0.59
2026-03-14,Communication Services,XLC,-0.71
2026-03-14,Technology,XLK,-0.75
2026-03-14,Materials,XLB,-0.99
2026-03-15,Utilities,XLU,0.99
2026-03-15,Consumer Staples,XLP,0.58
2026-03-15,Energy,XLE,0.33
2026-03-15,Real Estate,XLRE,0.26
2026-03-15,Financials,XLF,0.12
2026-03-15,Healthcare,XLV,-0.25
2026-03-15,Industrials,XLI,-0.36
2026-03-15,Consumer Discretionary,XLY,-0.59
2026-03-15,Communication Services,XLC,-0.71
2026-03-15,Technology,XLK,-0.75
2026-03-15,Materials,XLB,-0.99
2026-03-15,Utilities,XLU,0.99
2026-03-15,Consumer Staples,XLP,0.58
2026-03-15,Energy,XLE,0.33
2026-03-15,Real Estate,XLRE,0.26
2026-03-15,Financials,XLF,0.12
2026-03-15,Healthcare,XLV,-0.25
2026-03-15,Industrials,XLI,-0.36
2026-03-15,Consumer Discretionary,XLY,-0.59
2026-03-15,Communication Services,XLC,-0.71
2026-03-15,Technology,XLK,-0.75
2026-03-15,Materials,XLB,-0.99
2026-03-16,Utilities,XLU,0.99
2026-03-16,Consumer Staples,XLP,0.58
2026-03-16,Energy,XLE,0.33
2026-03-16,Real Estate,XLRE,0.26
2026-03-16,Financials,XLF,0.12
2026-03-16,Healthcare,XLV,-0.25
2026-03-16,Industrials,XLI,-0.36
2026-03-16,Consumer Discretionary,XLY,-0.59
2026-03-16,Communication Services,XLC,-0.71
2026-03-16,Technology,XLK,-0.75
2026-03-16,Materials,XLB,-0.99
2026-03-16,Technology,XLK,1.45
2026-03-16,Consumer Discretionary,XLY,1.21
2026-03-16,Industrials,XLI,0.86
2026-03-16,Financials,XLF,0.84
2026-03-16,Healthcare,XLV,0.81
2026-03-16,Real Estate,XLRE,0.78
2026-03-16,Communication Services,XLC,0.77
2026-03-16,Utilities,XLU,0.64
2026-03-16,Materials,XLB,0.43
2026-03-16,Energy,XLE,0.35
2026-03-16,Consumer Staples,XLP,0.28
2026-03-17,Technology,XLK,1.45
2026-03-17,Consumer Discretionary,XLY,1.21
2026-03-17,Industrials,XLI,0.86
2026-03-17,Financials,XLF,0.84
2026-03-17,Healthcare,XLV,0.81
2026-03-17,Real Estate,XLRE,0.78
2026-03-17,Communication Services,XLC,0.77
2026-03-17,Utilities,XLU,0.64
2026-03-17,Materials,XLB,0.43
2026-03-17,Energy,XLE,0.35
2026-03-17,Consumer Staples,XLP,0.28
2026-03-17,Energy,XLE,1.05
2026-03-17,Consumer Discretionary,XLY,0.87
2026-03-17,Technology,XLK,0.55
2026-03-17,Financials,XLF,0.53
2026-03-17,Real Estate,XLRE,0.33
2026-03-17,Industrials,XLI,0.26
2026-03-17,Materials,XLB,0.24
2026-03-17,Communication Services,XLC,0.03
2026-03-17,Utilities,XLU,-0.28
2026-03-17,Consumer Staples,XLP,-0.33
2026-03-17,Healthcare,XLV,-0.91
2026-03-18,Energy,XLE,1.05
2026-03-18,Consumer Discretionary,XLY,0.87
2026-03-18,Technology,XLK,0.55
2026-03-18,Financials,XLF,0.53
2026-03-18,Real Estate,XLRE,0.33
2026-03-18,Industrials,XLI,0.26
2026-03-18,Materials,XLB,0.24
2026-03-18,Communication Services,XLC,0.03
2026-03-18,Utilities,XLU,-0.28
2026-03-18,Consumer Staples,XLP,-0.33
2026-03-18,Healthcare,XLV,-0.91
2026-03-18,Energy,XLE,-0.14
2026-03-18,Industrials,XLI,-0.79
2026-03-18,Utilities,XLU,-0.85
2026-03-18,Technology,XLK,-1.13
2026-03-18,Financials,XLF,-1.19
2026-03-18,Communication Services,XLC,-1.48
2026-03-18,Real Estate,XLRE,-1.64
2026-03-18,Healthcare,XLV,-1.67
2026-03-18,Materials,XLB,-2.1
2026-03-18,Consumer Discretionary,XLY,-2.31
2026-03-18,Consumer Staples,XLP,-2.43
2026-03-19,Energy,XLE,-0.14
2026-03-19,Industrials,XLI,-0.79
2026-03-19,Utilities,XLU,-0.85
2026-03-19,Technology,XLK,-1.13
2026-03-19,Financials,XLF,-1.19
2026-03-19,Communication Services,XLC,-1.48
2026-03-19,Real Estate,XLRE,-1.64
2026-03-19,Healthcare,XLV,-1.67
2026-03-19,Materials,XLB,-2.1
2026-03-19,Consumer Discretionary,XLY,-2.31
2026-03-19,Consumer Staples,XLP,-2.43
2026-03-19,Energy,XLE,1.59
2026-03-19,Technology,XLK,0.34
2026-03-19,Financials,XLF,0.04
2026-03-19,Real Estate,XLRE,-0.24
2026-03-19,Healthcare,XLV,-0.36
2026-03-19,Utilities,XLU,-0.41
2026-03-19,Communication Services,XLC,-0.46
2026-03-19,Industrials,XLI,-0.68
2026-03-19,Consumer Discretionary,XLY,-0.79
2026-03-19,Consumer Staples,XLP,-0.81
2026-03-19,Materials,XLB,-1.53
2026-03-20,Energy,XLE,1.59
2026-03-20,Technology,XLK,0.34
2026-03-20,Financials,XLF,0.04
2026-03-20,Real Estate,XLRE,-0.24
2026-03-20,Healthcare,XLV,-0.36
2026-03-20,Utilities,XLU,-0.41
2026-03-20,Communication Services,XLC,-0.46
2026-03-20,Industrials,XLI,-0.68
2026-03-20,Consumer Discretionary,XLY,-0.79
2026-03-20,Consumer Staples,XLP,-0.81
2026-03-20,Materials,XLB,-1.53
2026-03-20,Financials,XLF,0.18
2026-03-20,Energy,XLE,-0.08
2026-03-20,Communication Services,XLC,-0.8
2026-03-20,Consumer Staples,XLP,-0.83
2026-03-20,Healthcare,XLV,-0.87
2026-03-20,Industrials,XLI,-1.46
2026-03-20,Materials,XLB,-1.59
2026-03-20,Consumer Discretionary,XLY,-1.79
2026-03-20,Technology,XLK,-2.27
2026-03-20,Real Estate,XLRE,-3.17
2026-03-20,Utilities,XLU,-4.06
2026-03-21,Financials,XLF,0.18
2026-03-21,Energy,XLE,-0.08
2026-03-21,Communication Services,XLC,-0.8
2026-03-21,Consumer Staples,XLP,-0.83
2026-03-21,Healthcare,XLV,-0.87
2026-03-21,Industrials,XLI,-1.46
2026-03-21,Materials,XLB,-1.59
2026-03-21,Consumer Discretionary,XLY,-1.79
2026-03-21,Technology,XLK,-2.27
2026-03-21,Real Estate,XLRE,-3.17
2026-03-21,Utilities,XLU,-4.06
2026-03-21,Financials,XLF,0.18
2026-03-21,Energy,XLE,-0.08
2026-03-21,Communication Services,XLC,-0.8
2026-03-21,Consumer Staples,XLP,-0.83
2026-03-21,Healthcare,XLV,-0.87
2026-03-21,Industrials,XLI,-1.46
2026-03-21,Materials,XLB,-1.59
2026-03-21,Consumer Discretionary,XLY,-1.79
2026-03-21,Technology,XLK,-2.27
2026-03-21,Real Estate,XLRE,-3.17
2026-03-21,Utilities,XLU,-4.06
2026-03-22,Financials,XLF,0.18
2026-03-22,Energy,XLE,-0.08
2026-03-22,Communication Services,XLC,-0.8
2026-03-22,Consumer Staples,XLP,-0.83
2026-03-22,Healthcare,XLV,-0.87
2026-03-22,Industrials,XLI,-1.46
2026-03-22,Materials,XLB,-1.59
2026-03-22,Consumer Discretionary,XLY,-1.79
2026-03-22,Technology,XLK,-2.27
2026-03-22,Real Estate,XLRE,-3.17
2026-03-22,Utilities,XLU,-4.06
2026-03-22,Financials,XLF,0.18
2026-03-22,Energy,XLE,-0.08
2026-03-22,Communication Services,XLC,-0.8
2026-03-22,Consumer Staples,XLP,-0.83
2026-03-22,Healthcare,XLV,-0.87
2026-03-22,Industrials,XLI,-1.46
2026-03-22,Materials,XLB,-1.59
2026-03-22,Consumer Discretionary,XLY,-1.79
2026-03-22,Technology,XLK,-2.27
2026-03-22,Real Estate,XLRE,-3.17
2026-03-22,Utilities,XLU,-4.06
2026-03-23,Financials,XLF,0.18
2026-03-23,Energy,XLE,-0.08
2026-03-23,Communication Services,XLC,-0.8
2026-03-23,Consumer Staples,XLP,-0.83
2026-03-23,Healthcare,XLV,-0.87
2026-03-23,Industrials,XLI,-1.46
2026-03-23,Materials,XLB,-1.59
2026-03-23,Consumer Discretionary,XLY,-1.79
2026-03-23,Technology,XLK,-2.27
2026-03-23,Real Estate,XLRE,-3.17
2026-03-23,Utilities,XLU,-4.06
2026-03-23,Consumer Discretionary,XLY,2.21
2026-03-23,Technology,XLK,1.23
2026-03-23,Materials,XLB,1.21
2026-03-23,Industrials,XLI,0.85
2026-03-23,Energy,XLE,0.54
2026-03-23,Communication Services,XLC,0.43
2026-03-23,Financials,XLF,0.39
2026-03-23,Utilities,XLU,0.29
2026-03-23,Real Estate,XLRE,0.07
2026-03-23,Consumer Staples,XLP,-0.14
2026-03-23,Healthcare,XLV,-0.39
2026-03-24,Consumer Discretionary,XLY,2.21
2026-03-24,Technology,XLK,1.23
2026-03-24,Materials,XLB,1.21
2026-03-24,Industrials,XLI,0.85
2026-03-24,Energy,XLE,0.54
2026-03-24,Communication Services,XLC,0.43
2026-03-24,Financials,XLF,0.39
2026-03-24,Utilities,XLU,0.29
2026-03-24,Real Estate,XLRE,0.07
2026-03-24,Consumer Staples,XLP,-0.14
2026-03-24,Healthcare,XLV,-0.39
2026-03-24,Energy,XLE,2.03
2026-03-24,Materials,XLB,1.89
2026-03-24,Utilities,XLU,0.69
2026-03-24,Industrials,XLI,0.58
2026-03-24,Financials,XLF,0.02
2026-03-24,Healthcare,XLV,0.01
2026-03-24,Consumer Staples,XLP,-0.09
2026-03-24,Consumer Discretionary,XLY,-0.4
2026-03-24,Technology,XLK,-0.58
2026-03-24,Real Estate,XLRE,-0.81
2026-03-24,Communication Services,XLC,-1.4
2026-03-25,Energy,XLE,2.03
2026-03-25,Materials,XLB,1.89
2026-03-25,Utilities,XLU,0.69
2026-03-25,Industrials,XLI,0.58
2026-03-25,Financials,XLF,0.02
2026-03-25,Healthcare,XLV,0.01
2026-03-25,Consumer Staples,XLP,-0.09
2026-03-25,Consumer Discretionary,XLY,-0.4
2026-03-25,Technology,XLK,-0.58
2026-03-25,Real Estate,XLRE,-0.81
2026-03-25,Communication Services,XLC,-1.4
2026-03-25,Materials,XLB,1.98
2026-03-25,Healthcare,XLV,1.0
2026-03-25,Consumer Discretionary,XLY,0.96
2026-03-25,Industrials,XLI,0.67
2026-03-25,Consumer Staples,XLP,0.49
2026-03-25,Technology,XLK,0.45
2026-03-25,Utilities,XLU,0.35
2026-03-25,Communication Services,XLC,0.28
2026-03-25,Financials,XLF,0.12
2026-03-25,Real Estate,XLRE,-0.05
2026-03-25,Energy,XLE,-0.44
2026-03-26,Materials,XLB,1.98
2026-03-26,Healthcare,XLV,1.0
2026-03-26,Consumer Discretionary,XLY,0.96
2026-03-26,Industrials,XLI,0.67
2026-03-26,Consumer Staples,XLP,0.49
2026-03-26,Technology,XLK,0.45
2026-03-26,Utilities,XLU,0.35
2026-03-26,Communication Services,XLC,0.28
2026-03-26,Financials,XLF,0.12
2026-03-26,Real Estate,XLRE,-0.05
2026-03-26,Energy,XLE,-0.44
2026-03-26,Energy,XLE,1.57
2026-03-26,Utilities,XLU,0.18
2026-03-26,Real Estate,XLRE,0.05
2026-03-26,Healthcare,XLV,-0.34
2026-03-26,Consumer Staples,XLP,-0.45
2026-03-26,Financials,XLF,-0.59
2026-03-26,Materials,XLB,-0.65
2026-03-26,Consumer Discretionary,XLY,-1.72
2026-03-26,Industrials,XLI,-2.32
2026-03-26,Communication Services,XLC,-2.36
2026-03-26,Technology,XLK,-3.11
2026-03-27,Energy,XLE,1.57
2026-03-27,Utilities,XLU,0.18
2026-03-27,Real Estate,XLRE,0.05
2026-03-27,Healthcare,XLV,-0.34
2026-03-27,Consumer Staples,XLP,-0.45
2026-03-27,Financials,XLF,-0.59
2026-03-27,Materials,XLB,-0.65
2026-03-27,Consumer Discretionary,XLY,-1.72
2026-03-27,Industrials,XLI,-2.32
2026-03-27,Communication Services,XLC,-2.36
2026-03-27,Technology,XLK,-3.11
2026-03-27,Energy,XLE,1.69
2026-03-27,Consumer Staples,XLP,0.79
2026-03-27,Utilities,XLU,0.57
2026-03-27,Materials,XLB,-0.37
2026-03-27,Real Estate,XLRE,-0.69
2026-03-27,Industrials,XLI,-1.28
2026-03-27,Communication Services,XLC,-1.63
2026-03-27,Healthcare,XLV,-1.7
2026-03-27,Technology,XLK,-1.95
2026-03-27,Financials,XLF,-2.53
2026-03-27,Consumer Discretionary,XLY,-2.89
2026-03-28,Energy,XLE,1.69
2026-03-28,Consumer Staples,XLP,0.79
2026-03-28,Utilities,XLU,0.57
2026-03-28,Materials,XLB,-0.37
2026-03-28,Real Estate,XLRE,-0.69
2026-03-28,Industrials,XLI,-1.28
2026-03-28,Communication Services,XLC,-1.63
2026-03-28,Healthcare,XLV,-1.7
2026-03-28,Technology,XLK,-1.95
2026-03-28,Financials,XLF,-2.53
2026-03-28,Consumer Discretionary,XLY,-2.89
2026-03-28,Energy,XLE,1.69
2026-03-28,Consumer Staples,XLP,0.79
2026-03-28,Utilities,XLU,0.57
2026-03-28,Materials,XLB,-0.37
2026-03-28,Real Estate,XLRE,-0.69
2026-03-28,Industrials,XLI,-1.28
2026-03-28,Communication Services,XLC,-1.63
2026-03-28,Healthcare,XLV,-1.7
2026-03-28,Technology,XLK,-1.95
2026-03-28,Financials,XLF,-2.53
2026-03-28,Consumer Discretionary,XLY,-2.89
2026-03-29,Energy,XLE,1.69
2026-03-29,Consumer Staples,XLP,0.79
2026-03-29,Utilities,XLU,0.57
2026-03-29,Materials,XLB,-0.37
2026-03-29,Real Estate,XLRE,-0.69
2026-03-29,Industrials,XLI,-1.28
2026-03-29,Communication Services,XLC,-1.63
2026-03-29,Healthcare,XLV,-1.7
2026-03-29,Technology,XLK,-1.95
2026-03-29,Financials,XLF,-2.53
2026-03-29,Consumer Discretionary,XLY,-2.89
2026-03-29,Energy,XLE,1.69
2026-03-29,Consumer Staples,XLP,0.79
2026-03-29,Utilities,XLU,0.57
2026-03-29,Materials,XLB,-0.37
2026-03-29,Real Estate,XLRE,-0.69
2026-03-29,Industrials,XLI,-1.28
2026-03-29,Communication Services,XLC,-1.63
2026-03-29,Healthcare,XLV,-1.7
2026-03-29,Technology,XLK,-1.95
2026-03-29,Financials,XLF,-2.53
2026-03-29,Consumer Discretionary,XLY,-2.89
2026-03-30,Energy,XLE,1.69
2026-03-30,Consumer Staples,XLP,0.79
2026-03-30,Utilities,XLU,0.57
2026-03-30,Materials,XLB,-0.37
2026-03-30,Real Estate,XLRE,-0.69
2026-03-30,Industrials,XLI,-1.28
2026-03-30,Communication Services,XLC,-1.63
2026-03-30,Healthcare,XLV,-1.7
2026-03-30,Technology,XLK,-1.95
2026-03-30,Financials,XLF,-2.53
2026-03-30,Consumer Discretionary,XLY,-2.89
2026-03-30,Financials,XLF,1.15
2026-03-30,Communication Services,XLC,0.86
2026-03-30,Utilities,XLU,0.72
2026-03-30,Real Estate,XLRE,0.5
2026-03-30,Healthcare,XLV,0.39
2026-03-30,Materials,XLB,0.37
2026-03-30,Consumer Staples,XLP,0.12
2026-03-30,Consumer Discretionary,XLY,-0.02
2026-03-30,Energy,XLE,-0.96
2026-03-30,Industrials,XLI,-1.63
2026-03-30,Technology,XLK,-1.86
2026-03-31,Financials,XLF,1.15
2026-03-31,Communication Services,XLC,0.86
2026-03-31,Utilities,XLU,0.72
2026-03-31,Real Estate,XLRE,0.5
2026-03-31,Healthcare,XLV,0.39
2026-03-31,Materials,XLB,0.37
2026-03-31,Consumer Staples,XLP,0.12
2026-03-31,Consumer Discretionary,XLY,-0.02
2026-03-31,Energy,XLE,-0.96
2026-03-31,Industrials,XLI,-1.63
2026-03-31,Technology,XLK,-1.86
2026-03-31,Technology,XLK,4.24
2026-03-31,Industrials,XLI,3.27
2026-03-31,Consumer Discretionary,XLY,3.14
2026-03-31,Communication Services,XLC,2.69
2026-03-31,Financials,XLF,2.09
2026-03-31,Healthcare,XLV,1.94
2026-03-31,Materials,XLB,1.79
2026-03-31,Real Estate,XLRE,1.54
2026-03-31,Consumer Staples,XLP,0.12
2026-03-31,Utilities,XLU,-0.07
2026-03-31,Energy,XLE,-1.13
2026-04-01,Technology,XLK,4.24
2026-04-01,Industrials,XLI,3.27
2026-04-01,Consumer Discretionary,XLY,3.14
2026-04-01,Communication Services,XLC,2.69
2026-04-01,Financials,XLF,2.09
2026-04-01,Healthcare,XLV,1.94
2026-04-01,Materials,XLB,1.79
2026-04-01,Real Estate,XLRE,1.54
2026-04-01,Consumer Staples,XLP,0.12
2026-04-01,Utilities,XLU,-0.07
2026-04-01,Energy,XLE,-1.13
2026-04-01,Industrials,XLI,1.67
2026-04-01,Technology,XLK,1.51
2026-04-01,Materials,XLB,0.98
2026-04-01,Healthcare,XLV,0.76
2026-04-01,Consumer Discretionary,XLY,0.75
2026-04-01,Utilities,XLU,0.48
2026-04-01,Communication Services,XLC,0.34
2026-04-01,Real Estate,XLRE,0.29
2026-04-01,Financials,XLF,0.14
2026-04-01,Consumer Staples,XLP,-0.63
2026-04-01,Energy,XLE,-3.74
2026-04-02,Industrials,XLI,1.67
2026-04-02,Technology,XLK,1.51
2026-04-02,Materials,XLB,0.98
2026-04-02,Healthcare,XLV,0.76
2026-04-02,Consumer Discretionary,XLY,0.75
2026-04-02,Utilities,XLU,0.48
2026-04-02,Communication Services,XLC,0.34
2026-04-02,Real Estate,XLRE,0.29
2026-04-02,Financials,XLF,0.14
2026-04-02,Consumer Staples,XLP,-0.63
2026-04-02,Energy,XLE,-3.74
2026-04-02,Real Estate,XLRE,1.61
2026-04-02,Technology,XLK,0.8
2026-04-02,Consumer Staples,XLP,0.53
2026-04-02,Utilities,XLU,0.5
2026-04-02,Energy,XLE,0.47
2026-04-02,Communication Services,XLC,0.41
2026-04-02,Financials,XLF,0.18
2026-04-02,Materials,XLB,-0.1
2026-04-02,Industrials,XLI,-0.4
2026-04-02,Healthcare,XLV,-0.62
2026-04-02,Consumer Discretionary,XLY,-1.5
2026-04-03,Real Estate,XLRE,1.61
2026-04-03,Technology,XLK,0.8
2026-04-03,Consumer Staples,XLP,0.53
2026-04-03,Utilities,XLU,0.5
2026-04-03,Energy,XLE,0.47
2026-04-03,Communication Services,XLC,0.41
2026-04-03,Financials,XLF,0.18
2026-04-03,Materials,XLB,-0.1
2026-04-03,Industrials,XLI,-0.4
2026-04-03,Healthcare,XLV,-0.62
2026-04-03,Consumer Discretionary,XLY,-1.5
2026-04-03,Real Estate,XLRE,1.61
2026-04-03,Technology,XLK,0.8
2026-04-03,Consumer Staples,XLP,0.53
2026-04-03,Utilities,XLU,0.5
2026-04-03,Energy,XLE,0.47
2026-04-03,Communication Services,XLC,0.41
2026-04-03,Financials,XLF,0.18
2026-04-03,Materials,XLB,-0.1
2026-04-03,Industrials,XLI,-0.4
2026-04-03,Healthcare,XLV,-0.62
2026-04-03,Consumer Discretionary,XLY,-1.5
2026-04-04,Real Estate,XLRE,1.61
2026-04-04,Technology,XLK,0.8
2026-04-04,Consumer Staples,XLP,0.53
2026-04-04,Utilities,XLU,0.5
2026-04-04,Energy,XLE,0.47
2026-04-04,Communication Services,XLC,0.41
2026-04-04,Financials,XLF,0.18
2026-04-04,Materials,XLB,-0.1
2026-04-04,Industrials,XLI,-0.4
2026-04-04,Healthcare,XLV,-0.62
2026-04-04,Consumer Discretionary,XLY,-1.5
2026-04-04,Real Estate,XLRE,1.61
2026-04-04,Technology,XLK,0.8
2026-04-04,Consumer Staples,XLP,0.53
2026-04-04,Utilities,XLU,0.5
2026-04-04,Energy,XLE,0.47
2026-04-04,Communication Services,XLC,0.41
2026-04-04,Financials,XLF,0.18
2026-04-04,Materials,XLB,-0.1
2026-04-04,Industrials,XLI,-0.4
2026-04-04,Healthcare,XLV,-0.62
2026-04-04,Consumer Discretionary,XLY,-1.5
2026-04-05,Real Estate,XLRE,1.61
2026-04-05,Technology,XLK,0.8
2026-04-05,Consumer Staples,XLP,0.53
2026-04-05,Utilities,XLU,0.5
2026-04-05,Energy,XLE,0.47
2026-04-05,Communication Services,XLC,0.41
2026-04-05,Financials,XLF,0.18
2026-04-05,Materials,XLB,-0.1
2026-04-05,Industrials,XLI,-0.4
2026-04-05,Healthcare,XLV,-0.62
2026-04-05,Consumer Discretionary,XLY,-1.5
2026-04-05,Real Estate,XLRE,1.61
2026-04-05,Technology,XLK,0.8
2026-04-05,Consumer Staples,XLP,0.53
2026-04-05,Utilities,XLU,0.5
2026-04-05,Energy,XLE,0.47
2026-04-05,Communication Services,XLC,0.41
2026-04-05,Financials,XLF,0.18
2026-04-05,Materials,XLB,-0.1
2026-04-05,Industrials,XLI,-0.4
2026-04-05,Healthcare,XLV,-0.62
2026-04-05,Consumer Discretionary,XLY,-1.5
2026-04-06,Real Estate,XLRE,1.61
2026-04-06,Technology,XLK,0.8
2026-04-06,Consumer Staples,XLP,0.53
2026-04-06,Utilities,XLU,0.5
2026-04-06,Energy,XLE,0.47
2026-04-06,Communication Services,XLC,0.41
2026-04-06,Financials,XLF,0.18
2026-04-06,Materials,XLB,-0.1
2026-04-06,Industrials,XLI,-0.4
2026-04-06,Healthcare,XLV,-0.62
2026-04-06,Consumer Discretionary,XLY,-1.5
2026-04-06,Consumer Staples,XLP,0.94
2026-04-06,Consumer Discretionary,XLY,0.82
2026-04-06,Energy,XLE,0.73
2026-04-06,Financials,XLF,0.71
2026-04-06,Technology,XLK,0.58
2026-04-06,Industrials,XLI,0.51
2026-04-06,Real Estate,XLRE,0.36
2026-04-06,Communication Services,XLC,0.05
2026-04-06,Healthcare,XLV,-0.36
2026-04-06,Utilities,XLU,-0.37
2026-04-06,Materials,XLB,-0.38
2026-04-07,Consumer Staples,XLP,0.94
2026-04-07,Consumer Discretionary,XLY,0.82
2026-04-07,Energy,XLE,0.73
2026-04-07,Financials,XLF,0.71
2026-04-07,Technology,XLK,0.58
2026-04-07,Industrials,XLI,0.51
2026-04-07,Real Estate,XLRE,0.36
2026-04-07,Communication Services,XLC,0.05
2026-04-07,Healthcare,XLV,-0.36
2026-04-07,Utilities,XLU,-0.37
2026-04-07,Materials,XLB,-0.38
2026-04-07,Energy,XLE,0.8
2026-04-07,Technology,XLK,0.48
2026-04-07,Utilities,XLU,0.22
2026-04-07,Healthcare,XLV,0.2
2026-04-07,Communication Services,XLC,0.05
2026-04-07,Financials,XLF,0.0
2026-04-07,Real Estate,XLRE,-0.1
2026-04-07,Industrials,XLI,-0.2
2026-04-07,Materials,XLB,-0.28
2026-04-07,Consumer Discretionary,XLY,-1.16
2026-04-07,Consumer Staples,XLP,-1.69
2026-04-08,Energy,XLE,0.8
2026-04-08,Technology,XLK,0.48
2026-04-08,Utilities,XLU,0.22
2026-04-08,Healthcare,XLV,0.2
2026-04-08,Communication Services,XLC,0.05
2026-04-08,Financials,XLF,0.0
2026-04-08,Real Estate,XLRE,-0.1
2026-04-08,Industrials,XLI,-0.2
2026-04-08,Materials,XLB,-0.28
2026-04-08,Consumer Discretionary,XLY,-1.16
2026-04-08,Consumer Staples,XLP,-1.69
2026-04-08,Industrials,XLI,3.75
2026-04-08,Materials,XLB,3.33
2026-04-08,Technology,XLK,3.1
2026-04-08,Consumer Discretionary,XLY,2.83
2026-04-08,Financials,XLF,2.65
2026-04-08,Healthcare,XLV,2.12
2026-04-08,Consumer Staples,XLP,1.87
2026-04-08,Communication Services,XLC,1.78
2026-04-08,Real Estate,XLRE,1.73
2026-04-08,Utilities,XLU,1.1
2026-04-08,Energy,XLE,-3.51
2026-04-09,Industrials,XLI,3.75
2026-04-09,Materials,XLB,3.33
2026-04-09,Technology,XLK,3.1
2026-04-09,Consumer Discretionary,XLY,2.83
2026-04-09,Financials,XLF,2.65
2026-04-09,Healthcare,XLV,2.12
2026-04-09,Consumer Staples,XLP,1.87
2026-04-09,Communication Services,XLC,1.78
2026-04-09,Real Estate,XLRE,1.73
2026-04-09,Utilities,XLU,1.1
2026-04-09,Energy,XLE,-3.51
2026-04-09,Consumer Discretionary,XLY,1.73
2026-04-09,Industrials,XLI,1.03
2026-04-09,Consumer Staples,XLP,0.81
2026-04-09,Utilities,XLU,0.79
2026-04-09,Real Estate,XLRE,0.68
2026-04-09,Communication Services,XLC,0.4
2026-04-09,Technology,XLK,0.27
2026-04-09,Financials,XLF,0.25
2026-04-09,Materials,XLB,-0.15
2026-04-09,Healthcare,XLV,-0.23
2026-04-09,Energy,XLE,-1.24
2026-04-10,Consumer Discretionary,XLY,1.73
2026-04-10,Industrials,XLI,1.03
2026-04-10,Consumer Staples,XLP,0.81
2026-04-10,Utilities,XLU,0.79
2026-04-10,Real Estate,XLRE,0.68
2026-04-10,Communication Services,XLC,0.4
2026-04-10,Technology,XLK,0.27
2026-04-10,Financials,XLF,0.25
2026-04-10,Materials,XLB,-0.15
2026-04-10,Healthcare,XLV,-0.23
2026-04-10,Energy,XLE,-1.24
2026-04-10,Materials,XLB,0.56
2026-04-10,Technology,XLK,0.39
2026-04-10,Real Estate,XLRE,0.21
2026-04-10,Consumer Discretionary,XLY,0.13
2026-04-10,Communication Services,XLC,-0.28
2026-04-10,Industrials,XLI,-0.39
2026-04-10,Utilities,XLU,-0.4
2026-04-10,Energy,XLE,-0.68
2026-04-10,Financials,XLF,-1.09
2026-04-10,Consumer Staples,XLP,-1.29
2026-04-10,Healthcare,XLV,-1.35
2026-04-11,Materials,XLB,0.56
2026-04-11,Technology,XLK,0.39
2026-04-11,Real Estate,XLRE,0.21
2026-04-11,Consumer Discretionary,XLY,0.13
2026-04-11,Communication Services,XLC,-0.28
2026-04-11,Industrials,XLI,-0.39
2026-04-11,Utilities,XLU,-0.4
2026-04-11,Energy,XLE,-0.68
2026-04-11,Financials,XLF,-1.09
2026-04-11,Consumer Staples,XLP,-1.29
2026-04-11,Healthcare,XLV,-1.35
2026-04-11,Materials,XLB,0.56
2026-04-11,Technology,XLK,0.39
2026-04-11,Real Estate,XLRE,0.21
2026-04-11,Consumer Discretionary,XLY,0.13
2026-04-11,Communication Services,XLC,-0.28
2026-04-11,Industrials,XLI,-0.39
2026-04-11,Utilities,XLU,-0.4
2026-04-11,Energy,XLE,-0.68
2026-04-11,Financials,XLF,-1.09
2026-04-11,Consumer Staples,XLP,-1.29
2026-04-11,Healthcare,XLV,-1.35
2026-04-12,Materials,XLB,0.56
2026-04-12,Technology,XLK,0.39
2026-04-12,Real Estate,XLRE,0.21
2026-04-12,Consumer Discretionary,XLY,0.13
2026-04-12,Communication Services,XLC,-0.28
2026-04-12,Industrials,XLI,-0.39
2026-04-12,Utilities,XLU,-0.4
2026-04-12,Energy,XLE,-0.68
2026-04-12,Financials,XLF,-1.09
2026-04-12,Consumer Staples,XLP,-1.29
2026-04-12,Healthcare,XLV,-1.35
2026-04-12,Materials,XLB,0.56
2026-04-12,Technology,XLK,0.39
2026-04-12,Real Estate,XLRE,0.21
2026-04-12,Consumer Discretionary,XLY,0.13
2026-04-12,Communication Services,XLC,-0.28
2026-04-12,Industrials,XLI,-0.39
2026-04-12,Utilities,XLU,-0.4
2026-04-12,Energy,XLE,-0.68
2026-04-12,Financials,XLF,-1.09
2026-04-12,Consumer Staples,XLP,-1.29
2026-04-12,Healthcare,XLV,-1.35
2026-04-13,Materials,XLB,0.56
2026-04-13,Technology,XLK,0.39
2026-04-13,Real Estate,XLRE,0.21
2026-04-13,Consumer Discretionary,XLY,0.13
2026-04-13,Communication Services,XLC,-0.28
2026-04-13,Industrials,XLI,-0.39
2026-04-13,Utilities,XLU,-0.4
2026-04-13,Energy,XLE,-0.68
2026-04-13,Financials,XLF,-1.09
2026-04-13,Consumer Staples,XLP,-1.29
2026-04-13,Healthcare,XLV,-1.35
2026-04-13,Technology,XLK,2.1
2026-04-13,Financials,XLF,1.75
2026-04-13,Consumer Discretionary,XLY,0.91
2026-04-13,Communication Services,XLC,0.76
2026-04-13,Industrials,XLI,0.71
2026-04-13,Real Estate,XLRE,0.47
2026-04-13,Healthcare,XLV,0.45
2026-04-13,Materials,XLB,0.44
2026-04-13,Energy,XLE,0.3
2026-04-13,Consumer Staples,XLP,-1.0
2026-04-13,Utilities,XLU,-1.21
2026-04-14,Technology,XLK,2.1
2026-04-14,Financials,XLF,1.75
2026-04-14,Consumer Discretionary,XLY,0.91
2026-04-14,Communication Services,XLC,0.76
2026-04-14,Industrials,XLI,0.71
2026-04-14,Real Estate,XLRE,0.47
2026-04-14,Healthcare,XLV,0.45
2026-04-14,Materials,XLB,0.44
2026-04-14,Energy,XLE,0.3
2026-04-14,Consumer Staples,XLP,-1.0
2026-04-14,Utilities,XLU,-1.21
2026-04-14,Consumer Discretionary,XLY,2.21
2026-04-14,Technology,XLK,1.6
2026-04-14,Communication Services,XLC,1.52
2026-04-14,Real Estate,XLRE,0.95
2026-04-14,Healthcare,XLV,0.58
2026-04-14,Industrials,XLI,0.36
2026-04-14,Financials,XLF,0.23
2026-04-14,Utilities,XLU,0.17
2026-04-14,Consumer Staples,XLP,-0.1
2026-04-14,Materials,XLB,-0.34
2026-04-14,Energy,XLE,-2.03
2026-04-15,Consumer Discretionary,XLY,2.21
2026-04-15,Technology,XLK,1.6
2026-04-15,Communication Services,XLC,1.52
2026-04-15,Real Estate,XLRE,0.95
2026-04-15,Healthcare,XLV,0.58
2026-04-15,Industrials,XLI,0.36
2026-04-15,Financials,XLF,0.23
2026-04-15,Utilities,XLU,0.17
2026-04-15,Consumer Staples,XLP,-0.1
2026-04-15,Materials,XLB,-0.34
2026-04-15,Energy,XLE,-2.03
2026-04-15,Technology,XLK,1.6
2026-04-15,Consumer Discretionary,XLY,1.49
2026-04-15,Financials,XLF,0.75
2026-04-15,Communication Services,XLC,0.69
2026-04-15,Real Estate,XLRE,-0.05
2026-04-15,Energy,XLE,-0.34
2026-04-15,Consumer Staples,XLP,-0.5
2026-04-15,Healthcare,XLV,-0.71
2026-04-15,Utilities,XLU,-0.97
2026-04-15,Materials,XLB,-1.21
2026-04-15,Industrials,XLI,-1.25
2026-04-16,Technology,XLK,1.6
2026-04-16,Consumer Discretionary,XLY,1.49
2026-04-16,Financials,XLF,0.75
2026-04-16,Communication Services,XLC,0.69
2026-04-16,Real Estate,XLRE,-0.05
2026-04-16,Energy,XLE,-0.34
2026-04-16,Consumer Staples,XLP,-0.5
2026-04-16,Healthcare,XLV,-0.71
2026-04-16,Utilities,XLU,-0.97
2026-04-16,Materials,XLB,-1.21
2026-04-16,Industrials,XLI,-1.25
2026-04-16,Energy,XLE,1.47
2026-04-16,Communication Services,XLC,1.25
2026-04-16,Technology,XLK,1.14
2026-04-16,Real Estate,XLRE,0.92
2026-04-16,Materials,XLB,0.72
2026-04-16,Utilities,XLU,0.72
2026-04-16,Consumer Staples,XLP,0.46
2026-04-16,Financials,XLF,-0.27
2026-04-16,Consumer Discretionary,XLY,-0.47
2026-04-16,Industrials,XLI,-0.5
2026-04-16,Healthcare,XLV,-0.79
2026-04-17,Energy,XLE,1.47
2026-04-17,Communication Services,XLC,1.25
2026-04-17,Technology,XLK,1.14
2026-04-17,Real Estate,XLRE,0.92
2026-04-17,Materials,XLB,0.72
2026-04-17,Utilities,XLU,0.72
2026-04-17,Consumer Staples,XLP,0.46
2026-04-17,Financials,XLF,-0.27
2026-04-17,Consumer Discretionary,XLY,-0.47
2026-04-17,Industrials,XLI,-0.5
2026-04-17,Healthcare,XLV,-0.79
2026-04-17,Consumer Discretionary,XLY,2.36
2026-04-17,Industrials,XLI,1.87
2026-04-17,Technology,XLK,1.53
2026-04-17,Real Estate,XLRE,1.53
2026-04-17,Healthcare,XLV,1.49
2026-04-17,Consumer Staples,XLP,1.26
2026-04-17,Financials,XLF,0.77
2026-04-17,Materials,XLB,0.25
2026-04-17,Communication Services,XLC,0.23
2026-04-17,Utilities,XLU,-0.41
2026-04-17,Energy,XLE,-2.76
2026-04-18,Consumer Discretionary,XLY,2.36
2026-04-18,Industrials,XLI,1.87
2026-04-18,Technology,XLK,1.53
2026-04-18,Real Estate,XLRE,1.53
2026-04-18,Healthcare,XLV,1.49
2026-04-18,Consumer Staples,XLP,1.26
2026-04-18,Financials,XLF,0.77
2026-04-18,Materials,XLB,0.25
2026-04-18,Communication Services,XLC,0.23
2026-04-18,Utilities,XLU,-0.41
2026-04-18,Energy,XLE,-2.76
2026-04-18,Consumer Discretionary,XLY,2.36
2026-04-18,Industrials,XLI,1.87
2026-04-18,Technology,XLK,1.53
2026-04-18,Real Estate,XLRE,1.53
2026-04-18,Healthcare,XLV,1.49
2026-04-18,Consumer Staples,XLP,1.26
2026-04-18,Financials,XLF,0.77
2026-04-18,Materials,XLB,0.25
2026-04-18,Communication Services,XLC,0.23
2026-04-18,Utilities,XLU,-0.41
2026-04-18,Energy,XLE,-2.76
2026-04-19,Consumer Discretionary,XLY,2.36
2026-04-19,Industrials,XLI,1.87
2026-04-19,Technology,XLK,1.53
2026-04-19,Real Estate,XLRE,1.53
2026-04-19,Healthcare,XLV,1.49
2026-04-19,Consumer Staples,XLP,1.26
2026-04-19,Financials,XLF,0.77
2026-04-19,Materials,XLB,0.25
2026-04-19,Communication Services,XLC,0.23
2026-04-19,Utilities,XLU,-0.41
2026-04-19,Energy,XLE,-2.76
2026-04-19,Consumer Discretionary,XLY,2.36
2026-04-19,Industrials,XLI,1.87
2026-04-19,Technology,XLK,1.53
2026-04-19,Real Estate,XLRE,1.53
2026-04-19,Healthcare,XLV,1.49
2026-04-19,Consumer Staples,XLP,1.26
2026-04-19,Financials,XLF,0.77
2026-04-19,Materials,XLB,0.25
2026-04-19,Communication Services,XLC,0.23
2026-04-19,Utilities,XLU,-0.41
2026-04-19,Energy,XLE,-2.76
2026-04-20,Consumer Discretionary,XLY,2.36
2026-04-20,Industrials,XLI,1.87
2026-04-20,Technology,XLK,1.53
2026-04-20,Real Estate,XLRE,1.53
2026-04-20,Healthcare,XLV,1.49
2026-04-20,Consumer Staples,XLP,1.26
2026-04-20,Financials,XLF,0.77
2026-04-20,Materials,XLB,0.25
2026-04-20,Communication Services,XLC,0.23
2026-04-20,Utilities,XLU,-0.41
2026-04-20,Energy,XLE,-2.76
2026-04-20,Materials,XLB,0.67
2026-04-20,Financials,XLF,0.38
2026-04-20,Real Estate,XLRE,0.36
2026-04-20,Industrials,XLI,0.22
2026-04-20,Technology,XLK,0.14
2026-04-20,Energy,XLE,0.09
2026-04-20,Consumer Staples,XLP,-0.08
2026-04-20,Communication Services,XLC,-0.29
2026-04-20,Consumer Discretionary,XLY,-0.45
2026-04-20,Utilities,XLU,-0.89
2026-04-20,Healthcare,XLV,-0.93
2026-04-21,Materials,XLB,0.67
2026-04-21,Financials,XLF,0.38
2026-04-21,Real Estate,XLRE,0.36
2026-04-21,Industrials,XLI,0.22
2026-04-21,Technology,XLK,0.14
2026-04-21,Energy,XLE,0.09
2026-04-21,Consumer Staples,XLP,-0.08
2026-04-21,Communication Services,XLC,-0.29
2026-04-21,Consumer Discretionary,XLY,-0.45
2026-04-21,Utilities,XLU,-0.89
2026-04-21,Healthcare,XLV,-0.93
2026-04-21,Energy,XLE,1.45
2026-04-21,Technology,XLK,0.08
2026-04-21,Financials,XLF,-0.63
2026-04-21,Consumer Staples,XLP,-0.67
2026-04-21,Consumer Discretionary,XLY,-0.75
2026-04-21,Materials,XLB,-0.88
2026-04-21,Healthcare,XLV,-1.02
2026-04-21,Communication Services,XLC,-1.34
2026-04-21,Industrials,XLI,-1.41
2026-04-21,Utilities,XLU,-1.75
2026-04-21,Real Estate,XLRE,-1.93
2026-04-22,Energy,XLE,1.45
2026-04-22,Technology,XLK,0.08
2026-04-22,Financials,XLF,-0.63
2026-04-22,Consumer Staples,XLP,-0.67
2026-04-22,Consumer Discretionary,XLY,-0.75
2026-04-22,Materials,XLB,-0.88
2026-04-22,Healthcare,XLV,-1.02
2026-04-22,Communication Services,XLC,-1.34
2026-04-22,Industrials,XLI,-1.41
2026-04-22,Utilities,XLU,-1.75
2026-04-22,Real Estate,XLRE,-1.93
2026-04-22,Technology,XLK,2.2
2026-04-22,Energy,XLE,1.2
2026-04-22,Communication Services,XLC,0.61
2026-04-22,Consumer Staples,XLP,0.33
2026-04-22,Healthcare,XLV,0.32
2026-04-22,Materials,XLB,0.12
2026-04-22,Consumer Discretionary,XLY,-0.03
2026-04-22,Financials,XLF,-0.17
2026-04-22,Utilities,XLU,-0.18
2026-04-22,Industrials,XLI,-0.23
2026-04-22,Real Estate,XLRE,-0.73
2026-04-23,Technology,XLK,2.2
2026-04-23,Energy,XLE,1.2
2026-04-23,Communication Services,XLC,0.61
2026-04-23,Consumer Staples,XLP,0.33
2026-04-23,Healthcare,XLV,0.32
2026-04-23,Materials,XLB,0.12
2026-04-23,Consumer Discretionary,XLY,-0.03
2026-04-23,Financials,XLF,-0.17
2026-04-23,Utilities,XLU,-0.18
2026-04-23,Industrials,XLI,-0.23
2026-04-23,Real Estate,XLRE,-0.73
2026-04-23,Utilities,XLU,2.72
2026-04-23,Industrials,XLI,1.77
2026-04-23,Consumer Staples,XLP,1.67
2026-04-23,Real Estate,XLRE,1.15
2026-04-23,Energy,XLE,0.78
2026-04-23,Materials,XLB,-0.04
2026-04-23,Healthcare,XLV,-0.1
2026-04-23,Communication Services,XLC,-0.42
2026-04-23,Financials,XLF,-0.79
2026-04-23,Consumer Discretionary,XLY,-1.0
2026-04-23,Technology,XLK,-1.42
2026-04-24,Utilities,XLU,2.72
2026-04-24,Industrials,XLI,1.77
2026-04-24,Consumer Staples,XLP,1.67
2026-04-24,Real Estate,XLRE,1.15
2026-04-24,Energy,XLE,0.78
2026-04-24,Materials,XLB,-0.04
2026-04-24,Healthcare,XLV,-0.1
2026-04-24,Communication Services,XLC,-0.42
2026-04-24,Financials,XLF,-0.79
2026-04-24,Consumer Discretionary,XLY,-1.0
2026-04-24,Technology,XLK,-1.42
2026-04-24,Technology,XLK,2.81
2026-04-24,Consumer Discretionary,XLY,0.81
2026-04-24,Materials,XLB,0.21
2026-04-24,Utilities,XLU,0.2
2026-04-24,Energy,XLE,-0.19
2026-04-24,Real Estate,XLRE,-0.3
2026-04-24,Consumer Staples,XLP,-0.3
2026-04-24,Financials,XLF,-0.73
2026-04-24,Industrials,XLI,-0.92
2026-04-24,Healthcare,XLV,-1.41
2026-04-24,Communication Services,XLC,-1.58
2026-04-25,Technology,XLK,2.81
2026-04-25,Consumer Discretionary,XLY,0.81
2026-04-25,Materials,XLB,0.21
2026-04-25,Utilities,XLU,0.2
2026-04-25,Energy,XLE,-0.19
2026-04-25,Real Estate,XLRE,-0.3
2026-04-25,Consumer Staples,XLP,-0.3
2026-04-25,Financials,XLF,-0.73
2026-04-25,Industrials,XLI,-0.92
2026-04-25,Healthcare,XLV,-1.41
2026-04-25,Communication Services,XLC,-1.58
2026-04-25,Technology,XLK,2.81
2026-04-25,Consumer Discretionary,XLY,0.81
2026-04-25,Materials,XLB,0.21
2026-04-25,Utilities,XLU,0.2
2026-04-25,Energy,XLE,-0.19
2026-04-25,Real Estate,XLRE,-0.3
2026-04-25,Consumer Staples,XLP,-0.3
2026-04-25,Financials,XLF,-0.73
2026-04-25,Industrials,XLI,-0.92
2026-04-25,Healthcare,XLV,-1.41
2026-04-25,Communication Services,XLC,-1.58
2026-04-26,Technology,XLK,2.81
2026-04-26,Consumer Discretionary,XLY,0.81
2026-04-26,Materials,XLB,0.21
2026-04-26,Utilities,XLU,0.2
2026-04-26,Energy,XLE,-0.19
2026-04-26,Real Estate,XLRE,-0.3
2026-04-26,Consumer Staples,XLP,-0.3
2026-04-26,Financials,XLF,-0.73
2026-04-26,Industrials,XLI,-0.92
2026-04-26,Healthcare,XLV,-1.41
2026-04-26,Communication Services,XLC,-1.58
2026-04-26,Technology,XLK,2.81
2026-04-26,Consumer Discretionary,XLY,0.81
2026-04-26,Materials,XLB,0.21
2026-04-26,Utilities,XLU,0.2
2026-04-26,Energy,XLE,-0.19
2026-04-26,Real Estate,XLRE,-0.3
2026-04-26,Consumer Staples,XLP,-0.3
2026-04-26,Financials,XLF,-0.73
2026-04-26,Industrials,XLI,-0.92
2026-04-26,Healthcare,XLV,-1.41
2026-04-26,Communication Services,XLC,-1.58
2026-04-27,Technology,XLK,2.81
2026-04-27,Consumer Discretionary,XLY,0.81
2026-04-27,Materials,XLB,0.21
2026-04-27,Utilities,XLU,0.2
2026-04-27,Energy,XLE,-0.19
2026-04-27,Real Estate,XLRE,-0.3
2026-04-27,Consumer Staples,XLP,-0.3
2026-04-27,Financials,XLF,-0.73
2026-04-27,Industrials,XLI,-0.92
2026-04-27,Healthcare,XLV,-1.41
2026-04-27,Communication Services,XLC,-1.58
2026-04-27,Financials,XLF,0.76
2026-04-27,Communication Services,XLC,0.23
2026-04-27,Technology,XLK,0.22
2026-04-27,Industrials,XLI,0.02
2026-04-27,Utilities,XLU,0.02
2026-04-27,Energy,XLE,-0.18
2026-04-27,Materials,XLB,-0.27
2026-04-27,Healthcare,XLV,-0.5
2026-04-27,Consumer Discretionary,XLY,-0.72
2026-04-27,Real Estate,XLRE,-0.78
2026-04-27,Consumer Staples,XLP,-1.07
2026-04-28,Financials,XLF,0.76
2026-04-28,Communication Services,XLC,0.23
2026-04-28,Technology,XLK,0.22
2026-04-28,Industrials,XLI,0.02
2026-04-28,Utilities,XLU,0.02
2026-04-28,Energy,XLE,-0.18
2026-04-28,Materials,XLB,-0.27
2026-04-28,Healthcare,XLV,-0.5
2026-04-28,Consumer Discretionary,XLY,-0.72
2026-04-28,Real Estate,XLRE,-0.78
2026-04-28,Consumer Staples,XLP,-1.07
2026-04-28,Energy,XLE,1.66
2026-04-28,Real Estate,XLRE,0.97
2026-04-28,Consumer Staples,XLP,0.9
2026-04-28,Healthcare,XLV,0.26
2026-04-28,Utilities,XLU,0.13
2026-04-28,Financials,XLF,0.08
2026-04-28,Communication Services,XLC,-0.05
2026-04-28,Consumer Discretionary,XLY,-0.7
2026-04-28,Materials,XLB,-0.73
2026-04-28,Industrials,XLI,-0.89
2026-04-28,Technology,XLK,-1.69
2026-04-29,Energy,XLE,1.66
2026-04-29,Real Estate,XLRE,0.97
2026-04-29,Consumer Staples,XLP,0.9
2026-04-29,Healthcare,XLV,0.26
2026-04-29,Utilities,XLU,0.13
2026-04-29,Financials,XLF,0.08
2026-04-29,Communication Services,XLC,-0.05
2026-04-29,Consumer Discretionary,XLY,-0.7
2026-04-29,Materials,XLB,-0.73
2026-04-29,Industrials,XLI,-0.89
2026-04-29,Technology,XLK,-1.69
2026-04-29,Energy,XLE,2.29
2026-04-29,Technology,XLK,0.8
2026-04-29,Financials,XLF,0.14
2026-04-29,Consumer Discretionary,XLY,-0.15
2026-04-29,Consumer Staples,XLP,-0.19
2026-04-29,Communication Services,XLC,-0.4
2026-04-29,Industrials,XLI,-0.61
2026-04-29,Real Estate,XLRE,-0.61
2026-04-29,Healthcare,XLV,-0.7
2026-04-29,Materials,XLB,-0.86
2026-04-29,Utilities,XLU,-1.23
2026-04-30,Energy,XLE,2.29
2026-04-30,Technology,XLK,0.8
2026-04-30,Financials,XLF,0.14
2026-04-30,Consumer Discretionary,XLY,-0.15
2026-04-30,Consumer Staples,XLP,-0.19
2026-04-30,Communication Services,XLC,-0.4
2026-04-30,Industrials,XLI,-0.61
2026-04-30,Real Estate,XLRE,-0.61
2026-04-30,Healthcare,XLV,-0.7
2026-04-30,Materials,XLB,-0.86
2026-04-30,Utilities,XLU,-1.23
2026-04-30,Industrials,XLI,2.74
2026-04-30,Utilities,XLU,2.56
2026-04-30,Healthcare,XLV,2.21
2026-04-30,Real Estate,XLRE,1.74
2026-04-30,Consumer Staples,XLP,1.68
2026-04-30,Consumer Discretionary,XLY,1.29
2026-04-30,Communication Services,XLC,1.06
2026-04-30,Energy,XLE,1.05
2026-04-30,Materials,XLB,1.0
2026-04-30,Financials,XLF,0.4
2026-04-30,Technology,XLK,0.25
2026-05-01,Industrials,XLI,2.74
2026-05-01,Utilities,XLU,2.56
2026-05-01,Healthcare,XLV,2.21
2026-05-01,Real Estate,XLRE,1.74
2026-05-01,Consumer Staples,XLP,1.68
2026-05-01,Consumer Discretionary,XLY,1.29
2026-05-01,Communication Services,XLC,1.06
2026-05-01,Energy,XLE,1.05
2026-05-01,Materials,XLB,1.0
2026-05-01,Financials,XLF,0.4
2026-05-01,Technology,XLK,0.25
2026-05-01,Technology,XLK,1.49
2026-05-01,Consumer Discretionary,XLY,0.24
2026-05-01,Communication Services,XLC,0.18
2026-05-01,Consumer Staples,XLP,-0.17
2026-05-01,Real Estate,XLRE,-0.18
2026-05-01,Materials,XLB,-0.23
2026-05-01,Financials,XLF,-0.4
2026-05-01,Healthcare,XLV,-0.57
2026-05-01,Utilities,XLU,-0.64
2026-05-01,Industrials,XLI,-0.93
2026-05-01,Energy,XLE,-1.34
2026-05-02,Technology,XLK,1.49
2026-05-02,Consumer Discretionary,XLY,0.24
2026-05-02,Communication Services,XLC,0.18
2026-05-02,Consumer Staples,XLP,-0.17
2026-05-02,Real Estate,XLRE,-0.18
2026-05-02,Materials,XLB,-0.23
2026-05-02,Financials,XLF,-0.4
2026-05-02,Healthcare,XLV,-0.57
2026-05-02,Utilities,XLU,-0.64
2026-05-02,Industrials,XLI,-0.93
2026-05-02,Energy,XLE,-1.34
2026-05-02,Technology,XLK,1.49
2026-05-02,Consumer Discretionary,XLY,0.24
2026-05-02,Communication Services,XLC,0.18
2026-05-02,Consumer Staples,XLP,-0.17
2026-05-02,Real Estate,XLRE,-0.18
2026-05-02,Materials,XLB,-0.23
2026-05-02,Financials,XLF,-0.4
2026-05-02,Healthcare,XLV,-0.57
2026-05-02,Utilities,XLU,-0.64
2026-05-02,Industrials,XLI,-0.93
2026-05-02,Energy,XLE,-1.34
2026-05-03,Technology,XLK,1.49
2026-05-03,Consumer Discretionary,XLY,0.24
2026-05-03,Communication Services,XLC,0.18
2026-05-03,Consumer Staples,XLP,-0.17
2026-05-03,Real Estate,XLRE,-0.18
2026-05-03,Materials,XLB,-0.23
2026-05-03,Financials,XLF,-0.4
2026-05-03,Healthcare,XLV,-0.57
2026-05-03,Utilities,XLU,-0.64
2026-05-03,Industrials,XLI,-0.93
2026-05-03,Energy,XLE,-1.34
2026-05-03,Technology,XLK,1.49
2026-05-03,Consumer Discretionary,XLY,0.24
2026-05-03,Communication Services,XLC,0.18
2026-05-03,Consumer Staples,XLP,-0.17
2026-05-03,Real Estate,XLRE,-0.18
2026-05-03,Materials,XLB,-0.23
2026-05-03,Financials,XLF,-0.4
2026-05-03,Healthcare,XLV,-0.57
2026-05-03,Utilities,XLU,-0.64
2026-05-03,Industrials,XLI,-0.93
2026-05-03,Energy,XLE,-1.34
2026-05-04,Technology,XLK,1.49
2026-05-04,Consumer Discretionary,XLY,0.24
2026-05-04,Communication Services,XLC,0.18
2026-05-04,Consumer Staples,XLP,-0.17
2026-05-04,Real Estate,XLRE,-0.18
2026-05-04,Materials,XLB,-0.23
2026-05-04,Financials,XLF,-0.4
2026-05-04,Healthcare,XLV,-0.57
2026-05-04,Utilities,XLU,-0.64
2026-05-04,Industrials,XLI,-0.93
2026-05-04,Energy,XLE,-1.34
2026-05-04,Energy,XLE,0.92
2026-05-04,Technology,XLK,0.11
2026-05-04,Healthcare,XLV,-0.3
2026-05-04,Utilities,XLU,-0.39
2026-05-04,Communication Services,XLC,-0.53
2026-05-04,Real Estate,XLRE,-0.54
2026-05-04,Financials,XLF,-0.65
2026-05-04,Consumer Staples,XLP,-0.75
2026-05-04,Consumer Discretionary,XLY,-0.77
2026-05-04,Industrials,XLI,-1.14
2026-05-04,Materials,XLB,-1.36
2026-05-05,Energy,XLE,0.92
2026-05-05,Technology,XLK,0.11
2026-05-05,Healthcare,XLV,-0.3
2026-05-05,Utilities,XLU,-0.39
2026-05-05,Communication Services,XLC,-0.53
2026-05-05,Real Estate,XLRE,-0.54
2026-05-05,Financials,XLF,-0.65
2026-05-05,Consumer Staples,XLP,-0.75
2026-05-05,Consumer Discretionary,XLY,-0.77
2026-05-05,Industrials,XLI,-1.14
2026-05-05,Materials,XLB,-1.36
2026-05-05,Technology,XLK,2.21
2026-05-05,Materials,XLB,1.74
2026-05-05,Industrials,XLI,0.84
2026-05-05,Consumer Staples,XLP,0.62
2026-05-05,Healthcare,XLV,0.39
2026-05-05,Consumer Discretionary,XLY,0.3
2026-05-05,Real Estate,XLRE,0.2
2026-05-05,Energy,XLE,0.1
2026-05-05,Financials,XLF,0.02
2026-05-05,Utilities,XLU,0.0
2026-05-05,Communication Services,XLC,-0.4
2026-05-06,Technology,XLK,2.21
2026-05-06,Materials,XLB,1.74
2026-05-06,Industrials,XLI,0.84
2026-05-06,Consumer Staples,XLP,0.62
2026-05-06,Healthcare,XLV,0.39
2026-05-06,Consumer Discretionary,XLY,0.3
2026-05-06,Real Estate,XLRE,0.2
2026-05-06,Energy,XLE,0.1
2026-05-06,Financials,XLF,0.02
2026-05-06,Utilities,XLU,0.0
2026-05-06,Communication Services,XLC,-0.4
2026-05-06,Technology,XLK,2.66
2026-05-06,Industrials,XLI,2.59
2026-05-06,Materials,XLB,1.71
2026-05-06,Consumer Discretionary,XLY,1.52
2026-05-06,Communication Services,XLC,1.49
2026-05-06,Real Estate,XLRE,1.29
2026-05-06,Financials,XLF,0.48
2026-05-06,Consumer Staples,XLP,0.21
2026-05-06,Healthcare,XLV,0.07
2026-05-06,Utilities,XLU,-1.42
2026-05-06,Energy,XLE,-4.12
2026-05-07,Technology,XLK,2.66
2026-05-07,Industrials,XLI,2.59
2026-05-07,Materials,XLB,1.71
2026-05-07,Consumer Discretionary,XLY,1.52
2026-05-07,Communication Services,XLC,1.49
2026-05-07,Real Estate,XLRE,1.29
2026-05-07,Financials,XLF,0.48
2026-05-07,Consumer Staples,XLP,0.21
2026-05-07,Healthcare,XLV,0.07
2026-05-07,Utilities,XLU,-1.42
2026-05-07,Energy,XLE,-4.12
2026-05-07,Communication Services,XLC,0.03
2026-05-07,Consumer Discretionary,XLY,0.01
2026-05-07,Technology,XLK,-0.2
2026-05-07,Consumer Staples,XLP,-0.31
2026-05-07,Healthcare,XLV,-0.47
2026-05-07,Financials,XLF,-0.56
2026-05-07,Real Estate,XLRE,-0.76
2026-05-07,Utilities,XLU,-1.29
2026-05-07,Industrials,XLI,-1.62
2026-05-07,Energy,XLE,-1.84
2026-05-07,Materials,XLB,-1.93
2026-05-08,Communication Services,XLC,0.03
2026-05-08,Consumer Discretionary,XLY,0.01
2026-05-08,Technology,XLK,-0.2
2026-05-08,Consumer Staples,XLP,-0.31
2026-05-08,Healthcare,XLV,-0.47
2026-05-08,Financials,XLF,-0.56
2026-05-08,Real Estate,XLRE,-0.76
2026-05-08,Utilities,XLU,-1.29
2026-05-08,Industrials,XLI,-1.62
2026-05-08,Energy,XLE,-1.84
2026-05-08,Materials,XLB,-1.93
2026-05-08,Technology,XLK,3.44
2026-05-08,Materials,XLB,0.37
2026-05-08,Consumer Discretionary,XLY,0.27
2026-05-08,Consumer Staples,XLP,0.24
2026-05-08,Real Estate,XLRE,0.02
2026-05-08,Communication Services,XLC,-0.37
2026-05-08,Energy,XLE,-0.45
2026-05-08,Industrials,XLI,-0.46
2026-05-08,Financials,XLF,-0.6
2026-05-08,Healthcare,XLV,-0.85
2026-05-08,Utilities,XLU,-0.89
2026-05-09,Technology,XLK,3.44
2026-05-09,Materials,XLB,0.37
2026-05-09,Consumer Discretionary,XLY,0.27
2026-05-09,Consumer Staples,XLP,0.24
2026-05-09,Real Estate,XLRE,0.02
2026-05-09,Communication Services,XLC,-0.37
2026-05-09,Energy,XLE,-0.45
2026-05-09,Industrials,XLI,-0.46
2026-05-09,Financials,XLF,-0.6
2026-05-09,Healthcare,XLV,-0.85
2026-05-09,Utilities,XLU,-0.89
2026-05-09,Technology,XLK,3.44
2026-05-09,Materials,XLB,0.37
2026-05-09,Consumer Discretionary,XLY,0.27
2026-05-09,Consumer Staples,XLP,0.24
2026-05-09,Real Estate,XLRE,0.02
2026-05-09,Communication Services,XLC,-0.37
2026-05-09,Energy,XLE,-0.45
2026-05-09,Industrials,XLI,-0.46
2026-05-09,Financials,XLF,-0.6
2026-05-09,Healthcare,XLV,-0.85
2026-05-09,Utilities,XLU,-0.89
2026-05-10,Technology,XLK,3.44
2026-05-10,Materials,XLB,0.37
2026-05-10,Consumer Discretionary,XLY,0.27
2026-05-10,Consumer Staples,XLP,0.24
2026-05-10,Real Estate,XLRE,0.02
2026-05-10,Communication Services,XLC,-0.37
2026-05-10,Energy,XLE,-0.45
2026-05-10,Industrials,XLI,-0.46
2026-05-10,Financials,XLF,-0.6
2026-05-10,Healthcare,XLV,-0.85
2026-05-10,Utilities,XLU,-0.89
2026-05-10,Technology,XLK,3.44
2026-05-10,Materials,XLB,0.37
2026-05-10,Consumer Discretionary,XLY,0.27
2026-05-10,Consumer Staples,XLP,0.24
2026-05-10,Real Estate,XLRE,0.02
2026-05-10,Communication Services,XLC,-0.37
2026-05-10,Energy,XLE,-0.45
2026-05-10,Industrials,XLI,-0.46
2026-05-10,Financials,XLF,-0.6
2026-05-10,Healthcare,XLV,-0.85
2026-05-10,Utilities,XLU,-0.89
2026-05-11,Technology,XLK,3.44
2026-05-11,Materials,XLB,0.37
2026-05-11,Consumer Discretionary,XLY,0.27
2026-05-11,Consumer Staples,XLP,0.24
2026-05-11,Real Estate,XLRE,0.02
2026-05-11,Communication Services,XLC,-0.37
2026-05-11,Energy,XLE,-0.45
2026-05-11,Industrials,XLI,-0.46
2026-05-11,Financials,XLF,-0.6
2026-05-11,Healthcare,XLV,-0.85
2026-05-11,Utilities,XLU,-0.89
2026-05-11,Energy,XLE,2.64
2026-05-11,Technology,XLK,1.34
2026-05-11,Materials,XLB,1.3
2026-05-11,Industrials,XLI,1.06
2026-05-11,Utilities,XLU,0.94
2026-05-11,Real Estate,XLRE,0.36
2026-05-11,Financials,XLF,-0.12
2026-05-11,Healthcare,XLV,-0.31
2026-05-11,Consumer Discretionary,XLY,-0.69
2026-05-11,Consumer Staples,XLP,-0.96
2026-05-11,Communication Services,XLC,-1.16
2026-05-12,Energy,XLE,2.64
2026-05-12,Technology,XLK,1.34
2026-05-12,Materials,XLB,1.3
2026-05-12,Industrials,XLI,1.06
2026-05-12,Utilities,XLU,0.94
2026-05-12,Real Estate,XLRE,0.36
2026-05-12,Financials,XLF,-0.12
2026-05-12,Healthcare,XLV,-0.31
2026-05-12,Consumer Discretionary,XLY,-0.69
2026-05-12,Consumer Staples,XLP,-0.96
2026-05-12,Communication Services,XLC,-1.16
2026-05-12,Healthcare,XLV,1.96
2026-05-12,Consumer Staples,XLP,1.28
2026-05-12,Financials,XLF,0.78
2026-05-12,Energy,XLE,0.7
2026-05-12,Communication Services,XLC,0.24
2026-05-12,Utilities,XLU,0.11
2026-05-12,Real Estate,XLRE,0.02
2026-05-12,Materials,XLB,-0.23
2026-05-12,Industrials,XLI,-0.39
2026-05-12,Consumer Discretionary,XLY,-0.9
2026-05-12,Technology,XLK,-1.51
2026-05-13,Healthcare,XLV,1.96
2026-05-13,Consumer Staples,XLP,1.28
2026-05-13,Financials,XLF,0.78
2026-05-13,Energy,XLE,0.7
2026-05-13,Communication Services,XLC,0.24
2026-05-13,Utilities,XLU,0.11
2026-05-13,Real Estate,XLRE,0.02
2026-05-13,Materials,XLB,-0.23
2026-05-13,Industrials,XLI,-0.39
2026-05-13,Consumer Discretionary,XLY,-0.9
2026-05-13,Technology,XLK,-1.51
2026-05-13,Technology,XLK,0.94
2026-05-13,Communication Services,XLC,0.78
2026-05-13,Healthcare,XLV,0.59
2026-05-13,Consumer Discretionary,XLY,0.36
2026-05-13,Consumer Staples,XLP,0.33
2026-05-13,Energy,XLE,0.1
2026-05-13,Materials,XLB,-0.15
2026-05-13,Industrials,XLI,-0.42
2026-05-13,Real Estate,XLRE,-0.83
2026-05-13,Financials,XLF,-1.14
2026-05-13,Utilities,XLU,-1.15
2026-05-14,Technology,XLK,0.94
2026-05-14,Communication Services,XLC,0.78
2026-05-14,Healthcare,XLV,0.59
2026-05-14,Consumer Discretionary,XLY,0.36
2026-05-14,Consumer Staples,XLP,0.33
2026-05-14,Energy,XLE,0.1
2026-05-14,Materials,XLB,-0.15
2026-05-14,Industrials,XLI,-0.42
2026-05-14,Real Estate,XLRE,-0.83
2026-05-14,Financials,XLF,-1.14
2026-05-14,Utilities,XLU,-1.15
2026-05-14,Technology,XLK,1.5
2026-05-14,Energy,XLE,0.76
2026-05-14,Financials,XLF,0.59
2026-05-14,Utilities,XLU,0.51
2026-05-14,Industrials,XLI,0.51
2026-05-14,Consumer Staples,XLP,0.31
2026-05-14,Communication Services,XLC,0.3
2026-05-14,Consumer Discretionary,XLY,-0.04
2026-05-14,Healthcare,XLV,-0.05
2026-05-14,Real Estate,XLRE,-0.68
2026-05-14,Materials,XLB,-0.75
2026-05-15,Technology,XLK,1.5
2026-05-15,Energy,XLE,0.76
2026-05-15,Financials,XLF,0.59
2026-05-15,Utilities,XLU,0.51
2026-05-15,Industrials,XLI,0.51
2026-05-15,Consumer Staples,XLP,0.31
2026-05-15,Communication Services,XLC,0.3
2026-05-15,Consumer Discretionary,XLY,-0.04
2026-05-15,Healthcare,XLV,-0.05
2026-05-15,Real Estate,XLRE,-0.68
2026-05-15,Materials,XLB,-0.75
2026-05-15,Energy,XLE,2.36
2026-05-15,Financials,XLF,-0.37
2026-05-15,Consumer Staples,XLP,-0.4
2026-05-15,Communication Services,XLC,-0.88
2026-05-15,Healthcare,XLV,-1.04
2026-05-15,Real Estate,XLRE,-1.55
2026-05-15,Industrials,XLI,-1.78
2026-05-15,Consumer Discretionary,XLY,-1.8
2026-05-15,Technology,XLK,-1.81
2026-05-15,Utilities,XLU,-2.29
2026-05-15,Materials,XLB,-2.65
2026-05-16,Energy,XLE,2.36
2026-05-16,Financials,XLF,-0.37
2026-05-16,Consumer Staples,XLP,-0.4
2026-05-16,Communication Services,XLC,-0.88
2026-05-16,Healthcare,XLV,-1.04
2026-05-16,Real Estate,XLRE,-1.55
2026-05-16,Industrials,XLI,-1.78
2026-05-16,Consumer Discretionary,XLY,-1.8
2026-05-16,Technology,XLK,-1.81
2026-05-16,Utilities,XLU,-2.29
2026-05-16,Materials,XLB,-2.65
2026-05-16,Energy,XLE,2.36
2026-05-16,Financials,XLF,-0.37
2026-05-16,Consumer Staples,XLP,-0.4
2026-05-16,Communication Services,XLC,-0.88
2026-05-16,Healthcare,XLV,-1.04
2026-05-16,Real Estate,XLRE,-1.55
2026-05-16,Industrials,XLI,-1.78
2026-05-16,Consumer Discretionary,XLY,-1.8
2026-05-16,Technology,XLK,-1.81
2026-05-16,Utilities,XLU,-2.29
2026-05-16,Materials,XLB,-2.65
2026-05-17,Energy,XLE,2.36
2026-05-17,Financials,XLF,-0.37
2026-05-17,Consumer Staples,XLP,-0.4
2026-05-17,Communication Services,XLC,-0.88
2026-05-17,Healthcare,XLV,-1.04
2026-05-17,Real Estate,XLRE,-1.55
2026-05-17,Industrials,XLI,-1.78
2026-05-17,Consumer Discretionary,XLY,-1.8
2026-05-17,Technology,XLK,-1.81
2026-05-17,Utilities,XLU,-2.29
2026-05-17,Materials,XLB,-2.65
2026-05-17,Energy,XLE,2.36
2026-05-17,Financials,XLF,-0.37
2026-05-17,Consumer Staples,XLP,-0.4
2026-05-17,Communication Services,XLC,-0.88
2026-05-17,Healthcare,XLV,-1.04
2026-05-17,Real Estate,XLRE,-1.55
2026-05-17,Industrials,XLI,-1.78
2026-05-17,Consumer Discretionary,XLY,-1.8
2026-05-17,Technology,XLK,-1.81
2026-05-17,Utilities,XLU,-2.29
2026-05-17,Materials,XLB,-2.65
2026-05-18,Energy,XLE,2.36
2026-05-18,Financials,XLF,-0.37
2026-05-18,Consumer Staples,XLP,-0.4
2026-05-18,Communication Services,XLC,-0.88
2026-05-18,Healthcare,XLV,-1.04
2026-05-18,Real Estate,XLRE,-1.55
2026-05-18,Industrials,XLI,-1.78
2026-05-18,Consumer Discretionary,XLY,-1.8
2026-05-18,Technology,XLK,-1.81
2026-05-18,Utilities,XLU,-2.29
2026-05-18,Materials,XLB,-2.65
2026-05-18,Energy,XLE,1.92
2026-05-18,Consumer Staples,XLP,1.49
2026-05-18,Financials,XLF,1.25
2026-05-18,Real Estate,XLRE,1.2
2026-05-18,Communication Services,XLC,0.78
2026-05-18,Healthcare,XLV,0.43
2026-05-18,Utilities,XLU,0.16
2026-05-18,Materials,XLB,-0.16
2026-05-18,Consumer Discretionary,XLY,-0.18
2026-05-18,Industrials,XLI,-0.38
2026-05-18,Technology,XLK,-1.08
2026-05-19,Energy,XLE,1.92
2026-05-19,Consumer Staples,XLP,1.49
2026-05-19,Financials,XLF,1.25
2026-05-19,Real Estate,XLRE,1.2
2026-05-19,Communication Services,XLC,0.78
2026-05-19,Healthcare,XLV,0.43
2026-05-19,Utilities,XLU,0.16
2026-05-19,Materials,XLB,-0.16
2026-05-19,Consumer Discretionary,XLY,-0.18
2026-05-19,Industrials,XLI,-0.38
2026-05-19,Technology,XLK,-1.08
2026-05-19,Energy,XLE,1.17
2026-05-19,Healthcare,XLV,1.1
2026-05-19,Utilities,XLU,0.91
2026-05-19,Real Estate,XLRE,0.43
2026-05-19,Consumer Staples,XLP,0.22
2026-05-19,Technology,XLK,-0.64
2026-05-19,Communication Services,XLC,-0.97
2026-05-19,Consumer Discretionary,XLY,-1.11
2026-05-19,Industrials,XLI,-1.18
2026-05-19,Financials,XLF,-1.24
2026-05-19,Materials,XLB,-2.35
2026-05-20,Energy,XLE,1.17
2026-05-20,Healthcare,XLV,1.1
2026-05-20,Utilities,XLU,0.91
2026-05-20,Real Estate,XLRE,0.43
2026-05-20,Consumer Staples,XLP,0.22
2026-05-20,Technology,XLK,-0.64
2026-05-20,Communication Services,XLC,-0.97
2026-05-20,Consumer Discretionary,XLY,-1.11
2026-05-20,Industrials,XLI,-1.18
2026-05-20,Financials,XLF,-1.24
2026-05-20,Materials,XLB,-2.35
2026-05-20,Consumer Discretionary,XLY,2.53
2026-05-20,Technology,XLK,2.25
2026-05-20,Materials,XLB,1.39
2026-05-20,Industrials,XLI,1.18
2026-05-20,Real Estate,XLRE,1.12
2026-05-20,Financials,XLF,1.1
2026-05-20,Utilities,XLU,0.38
2026-05-20,Communication Services,XLC,0.22
2026-05-20,Healthcare,XLV,-0.13
2026-05-20,Consumer Staples,XLP,-0.66
2026-05-20,Energy,XLE,-2.43
2026-05-21,Consumer Discretionary,XLY,2.53
2026-05-21,Technology,XLK,2.25
2026-05-21,Materials,XLB,1.39
2026-05-21,Industrials,XLI,1.18
2026-05-21,Real Estate,XLRE,1.12
2026-05-21,Financials,XLF,1.1
2026-05-21,Utilities,XLU,0.38
2026-05-21,Communication Services,XLC,0.22
2026-05-21,Healthcare,XLV,-0.13
2026-05-21,Consumer Staples,XLP,-0.66
2026-05-21,Energy,XLE,-2.43
2026-05-21,Utilities,XLU,1.1
2026-05-21,Technology,XLK,0.82
2026-05-21,Healthcare,XLV,0.69
2026-05-21,Consumer Discretionary,XLY,0.64
2026-05-21,Materials,XLB,0.6
2026-05-21,Real Estate,XLRE,0.16
2026-05-21,Financials,XLF,0.14
2026-05-21,Communication Services,XLC,0.0
2026-05-21,Industrials,XLI,-0.12
2026-05-21,Consumer Staples,XLP,-1.01
2026-05-21,Energy,XLE,-1.12
2026-05-22,Utilities,XLU,1.1
2026-05-22,Technology,XLK,0.82
2026-05-22,Healthcare,XLV,0.69
2026-05-22,Consumer Discretionary,XLY,0.64
2026-05-22,Materials,XLB,0.6
2026-05-22,Real Estate,XLRE,0.16
2026-05-22,Financials,XLF,0.14
2026-05-22,Communication Services,XLC,0.0
2026-05-22,Industrials,XLI,-0.12
2026-05-22,Consumer Staples,XLP,-1.01
2026-05-22,Energy,XLE,-1.12
2026-05-22,Healthcare,XLV,1.17
2026-05-22,Technology,XLK,1.0
2026-05-22,Utilities,XLU,0.78
2026-05-22,Industrials,XLI,0.73
2026-05-22,Energy,XLE,0.61
2026-05-22,Materials,XLB,0.54
2026-05-22,Financials,XLF,0.41
2026-05-22,Consumer Discretionary,XLY,0.4
2026-05-22,Consumer Staples,XLP,0.17
2026-05-22,Real Estate,XLRE,0.13
2026-05-22,Communication Services,XLC,-0.55
2026-05-23,Healthcare,XLV,1.17
2026-05-23,Technology,XLK,1.0
2026-05-23,Utilities,XLU,0.78
2026-05-23,Industrials,XLI,0.73
2026-05-23,Energy,XLE,0.61
2026-05-23,Materials,XLB,0.54
2026-05-23,Financials,XLF,0.41
2026-05-23,Consumer Discretionary,XLY,0.4
2026-05-23,Consumer Staples,XLP,0.17
2026-05-23,Real Estate,XLRE,0.13
2026-05-23,Communication Services,XLC,-0.55
2026-05-23,Healthcare,XLV,1.17
2026-05-23,Technology,XLK,1.0
2026-05-23,Utilities,XLU,0.78
2026-05-23,Industrials,XLI,0.73
2026-05-23,Energy,XLE,0.61
2026-05-23,Materials,XLB,0.54
2026-05-23,Financials,XLF,0.41
2026-05-23,Consumer Discretionary,XLY,0.4
2026-05-23,Consumer Staples,XLP,0.17
2026-05-23,Real Estate,XLRE,0.13
2026-05-23,Communication Services,XLC,-0.55
2026-05-24,Healthcare,XLV,1.17
2026-05-24,Technology,XLK,1.0
2026-05-24,Utilities,XLU,0.78
2026-05-24,Industrials,XLI,0.73
2026-05-24,Energy,XLE,0.61
2026-05-24,Materials,XLB,0.54
2026-05-24,Financials,XLF,0.41
2026-05-24,Consumer Discretionary,XLY,0.4
2026-05-24,Consumer Staples,XLP,0.17
2026-05-24,Real Estate,XLRE,0.13
2026-05-24,Communication Services,XLC,-0.55
2026-05-24,Healthcare,XLV,1.17
2026-05-24,Technology,XLK,1.0
2026-05-24,Utilities,XLU,0.78
2026-05-24,Industrials,XLI,0.73
2026-05-24,Energy,XLE,0.61
2026-05-24,Materials,XLB,0.54
2026-05-24,Financials,XLF,0.41
2026-05-24,Consumer Discretionary,XLY,0.4
2026-05-24,Consumer Staples,XLP,0.17
2026-05-24,Real Estate,XLRE,0.13
2026-05-24,Communication Services,XLC,-0.55
2026-05-25,Healthcare,XLV,1.17
2026-05-25,Technology,XLK,1.0
2026-05-25,Utilities,XLU,0.78
2026-05-25,Industrials,XLI,0.73
2026-05-25,Energy,XLE,0.61
2026-05-25,Materials,XLB,0.54
2026-05-25,Financials,XLF,0.41
2026-05-25,Consumer Discretionary,XLY,0.4
2026-05-25,Consumer Staples,XLP,0.17
2026-05-25,Real Estate,XLRE,0.13
2026-05-25,Communication Services,XLC,-0.55
2026-05-25,Healthcare,XLV,1.17
2026-05-25,Technology,XLK,1.0
2026-05-25,Utilities,XLU,0.78
2026-05-25,Industrials,XLI,0.73
2026-05-25,Energy,XLE,0.61
2026-05-25,Materials,XLB,0.54
2026-05-25,Financials,XLF,0.41
2026-05-25,Consumer Discretionary,XLY,0.4
2026-05-25,Consumer Staples,XLP,0.17
2026-05-25,Real Estate,XLRE,0.13
2026-05-25,Communication Services,XLC,-0.55
2026-05-26,Technology,XLK,2.63
2026-05-26,Industrials,XLI,1.47
2026-05-26,Materials,XLB,1.39
2026-05-26,Real Estate,XLRE,0.34
2026-05-26,Consumer Discretionary,XLY,0.23
2026-05-26,Communication Services,XLC,0.08
2026-05-26,Utilities,XLU,-0.04
2026-05-26,Financials,XLF,-0.17
2026-05-26,Healthcare,XLV,-0.92
2026-05-26,Consumer Staples,XLP,-1.38
2026-05-26,Energy,XLE,-2.76
2026-05-27,Technology,XLK,2.63
2026-05-27,Industrials,XLI,1.47
2026-05-27,Materials,XLB,1.39
2026-05-27,Real Estate,XLRE,0.34
2026-05-27,Consumer Discretionary,XLY,0.23
2026-05-27,Communication Services,XLC,0.08
2026-05-27,Utilities,XLU,-0.04
2026-05-27,Financials,XLF,-0.17
2026-05-27,Healthcare,XLV,-0.92
2026-05-27,Consumer Staples,XLP,-1.38
2026-05-27,Energy,XLE,-2.76
2026-05-27,Consumer Discretionary,XLY,1.76
2026-05-27,Consumer Staples,XLP,1.14
2026-05-27,Communication Services,XLC,0.61
2026-05-27,Materials,XLB,0.37
2026-05-27,Healthcare,XLV,0.19
2026-05-27,Industrials,XLI,0.0
2026-05-27,Real Estate,XLRE,-0.18
2026-05-27,Technology,XLK,-0.38
2026-05-27,Utilities,XLU,-0.42
2026-05-27,Financials,XLF,-0.83
2026-05-27,Energy,XLE,-1.49
2026-05-28,Healthcare,XLV,0.78
2026-05-28,Energy,XLE,0.78
2026-05-28,Consumer Staples,XLP,0.18
2026-05-28,Technology,XLK,0.02
2026-05-28,Financials,XLF,-0.12
2026-05-28,Utilities,XLU,-0.14
2026-05-28,Communication Services,XLC,-0.46
2026-05-28,Real Estate,XLRE,-0.52
2026-05-28,Consumer Discretionary,XLY,-0.72
2026-05-28,Materials,XLB,-1.01
2026-05-28,Industrials,XLI,-1.03
2026-05-28,Healthcare,XLV,1.4
2026-05-28,Technology,XLK,1.31
2026-05-28,Consumer Discretionary,XLY,0.42
2026-05-28,Communication Services,XLC,0.35
2026-05-28,Materials,XLB,0.35
2026-05-28,Energy,XLE,-0.07
2026-05-28,Consumer Staples,XLP,-0.18
2026-05-28,Industrials,XLI,-0.29
2026-05-28,Financials,XLF,-0.29
2026-05-28,Real Estate,XLRE,-0.49
2026-05-28,Utilities,XLU,-1.13
2026-05-29,Healthcare,XLV,1.4
2026-05-29,Technology,XLK,1.31
2026-05-29,Consumer Discretionary,XLY,0.42
2026-05-29,Communication Services,XLC,0.35
2026-05-29,Materials,XLB,0.35
2026-05-29,Energy,XLE,-0.07
2026-05-29,Consumer Staples,XLP,-0.18
2026-05-29,Industrials,XLI,-0.29
2026-05-29,Financials,XLF,-0.29
2026-05-29,Real Estate,XLRE,-0.49
2026-05-29,Utilities,XLU,-1.13
2026-05-29,Technology,XLK,2.23
2026-05-29,Financials,XLF,0.6
2026-05-29,Industrials,XLI,-0.39
2026-05-29,Materials,XLB,-0.41
2026-05-29,Utilities,XLU,-0.47
2026-05-29,Communication Services,XLC,-0.84
2026-05-29,Healthcare,XLV,-0.93
2026-05-29,Real Estate,XLRE,-0.95
2026-05-29,Consumer Discretionary,XLY,-0.97
2026-05-29,Energy,XLE,-1.16
2026-05-29,Consumer Staples,XLP,-1.8
2026-05-30,Technology,XLK,2.23
2026-05-30,Financials,XLF,0.6
2026-05-30,Industrials,XLI,-0.39
2026-05-30,Materials,XLB,-0.41
2026-05-30,Utilities,XLU,-0.47
2026-05-30,Communication Services,XLC,-0.84
2026-05-30,Healthcare,XLV,-0.93
2026-05-30,Real Estate,XLRE,-0.95
2026-05-30,Consumer Discretionary,XLY,-0.97
2026-05-30,Energy,XLE,-1.16
2026-05-30,Consumer Staples,XLP,-1.8
2026-05-30,Technology,XLK,2.23
2026-05-30,Financials,XLF,0.6
2026-05-30,Industrials,XLI,-0.39
2026-05-30,Materials,XLB,-0.41
2026-05-30,Utilities,XLU,-0.47
2026-05-30,Communication Services,XLC,-0.84
2026-05-30,Healthcare,XLV,-0.93
2026-05-30,Real Estate,XLRE,-0.95
2026-05-30,Consumer Discretionary,XLY,-0.97
2026-05-30,Energy,XLE,-1.16
2026-05-30,Consumer Staples,XLP,-1.8
2026-05-31,Technology,XLK,2.23
2026-05-31,Financials,XLF,0.6
2026-05-31,Industrials,XLI,-0.39
2026-05-31,Materials,XLB,-0.41
2026-05-31,Utilities,XLU,-0.47
2026-05-31,Communication Services,XLC,-0.84
2026-05-31,Healthcare,XLV,-0.93
2026-05-31,Real Estate,XLRE,-0.95
2026-05-31,Consumer Discretionary,XLY,-0.97
2026-05-31,Energy,XLE,-1.16
2026-05-31,Consumer Staples,XLP,-1.8
2026-05-31,Technology,XLK,2.23
2026-05-31,Financials,XLF,0.6
2026-05-31,Industrials,XLI,-0.39
2026-05-31,Materials,XLB,-0.41
2026-05-31,Utilities,XLU,-0.47
2026-05-31,Communication Services,XLC,-0.84
2026-05-31,Healthcare,XLV,-0.93
2026-05-31,Real Estate,XLRE,-0.95
2026-05-31,Consumer Discretionary,XLY,-0.97
2026-05-31,Energy,XLE,-1.16
2026-05-31,Consumer Staples,XLP,-1.8
2026-06-01,Technology,XLK,2.09
2026-06-01,Energy,XLE,1.94
2026-06-01,Communication Services,XLC,-0.18
2026-06-01,Financials,XLF,-0.34
2026-06-01,Industrials,XLI,-1.0
2026-06-01,Real Estate,XLRE,-1.02
2026-06-01,Materials,XLB,-1.1
2026-06-01,Healthcare,XLV,-1.21
2026-06-01,Consumer Staples,XLP,-1.41
2026-06-01,Consumer Discretionary,XLY,-1.8
2026-06-01,Utilities,XLU,-2.26
2026-06-01,Technology,XLK,2.48
2026-06-01,Energy,XLE,1.79
2026-06-01,Communication Services,XLC,-0.07
2026-06-01,Financials,XLF,-0.29
2026-06-01,Industrials,XLI,-0.42
2026-06-01,Materials,XLB,-0.45
2026-06-01,Consumer Staples,XLP,-1.06
2026-06-01,Healthcare,XLV,-1.09
2026-06-01,Real Estate,XLRE,-1.64
2026-06-01,Consumer Discretionary,XLY,-2.22
2026-06-01,Utilities,XLU,-2.97
2026-06-02,Technology,XLK,0.82
2026-06-02,Utilities,XLU,0.8
2026-06-02,Energy,XLE,0.63
2026-06-02,Industrials,XLI,0.5
2026-06-02,Materials,XLB,0.31
2026-06-02,Real Estate,XLRE,-0.16
2026-06-02,Financials,XLF,-0.24
2026-06-02,Consumer Staples,XLP,-0.41
2026-06-02,Healthcare,XLV,-1.35
2026-06-02,Consumer Discretionary,XLY,-1.36
2026-06-02,Communication Services,XLC,-1.59
2026-06-02,Utilities,XLU,1.86
2026-06-02,Technology,XLK,1.25
2026-06-02,Materials,XLB,1.18
2026-06-02,Energy,XLE,1.15
2026-06-02,Industrials,XLI,1.04
2026-06-02,Real Estate,XLRE,0.51
2026-06-02,Financials,XLF,0.06
2026-06-02,Consumer Staples,XLP,-0.24
2026-06-02,Consumer Discretionary,XLY,-0.51
2026-06-02,Healthcare,XLV,-0.97
2026-06-02,Communication Services,XLC,-1.76
2026-06-03,Energy,XLE,1.4
2026-06-03,Utilities,XLU,0.69
2026-06-03,Consumer Staples,XLP,0.67
2026-06-03,Real Estate,XLRE,0.6
2026-06-03,Healthcare,XLV,0.57
2026-06-03,Materials,XLB,0.33
2026-06-03,Industrials,XLI,0.24
2026-06-03,Consumer Discretionary,XLY,-0.2
2026-06-03,Communication Services,XLC,-0.42
2026-06-03,Technology,XLK,-0.79
2026-06-03,Financials,XLF,-1.76
2026-06-03,Energy,XLE,1.29
2026-06-03,Healthcare,XLV,0.79
2026-06-03,Consumer Staples,XLP,0.4
2026-06-03,Materials,XLB,0.21
2026-06-03,Real Estate,XLRE,0.05
2026-06-03,Industrials,XLI,-0.08
2026-06-03,Utilities,XLU,-0.43
2026-06-03,Consumer Discretionary,XLY,-0.73
2026-06-03,Technology,XLK,-1.0
2026-06-03,Financials,XLF,-1.15
2026-06-03,Communication Services,XLC,-1.31
2026-06-04,Energy,XLE,1.29
2026-06-04,Healthcare,XLV,0.79
2026-06-04,Consumer Staples,XLP,0.4
2026-06-04,Materials,XLB,0.21
2026-06-04,Real Estate,XLRE,0.05
2026-06-04,Industrials,XLI,-0.08
2026-06-04,Utilities,XLU,-0.43
2026-06-04,Consumer Discretionary,XLY,-0.73
2026-06-04,Technology,XLK,-1.0
2026-06-04,Financials,XLF,-1.15
2026-06-04,Communication Services,XLC,-1.31
2026-06-04,Healthcare,XLV,3.07
2026-06-04,Financials,XLF,2.59
2026-06-04,Real Estate,XLRE,2.05
2026-06-04,Industrials,XLI,1.21
2026-06-04,Communication Services,XLC,0.92
2026-06-04,Utilities,XLU,0.53
2026-06-04,Consumer Discretionary,XLY,0.45
2026-06-04,Energy,XLE,0.07
2026-06-04,Materials,XLB,-0.02
2026-06-04,Consumer Staples,XLP,-0.15
2026-06-04,Technology,XLK,-1.56
2026-06-05,Healthcare,XLV,3.07
2026-06-05,Financials,XLF,2.59
2026-06-05,Industrials,XLI,1.21
2026-06-05,Communication Services,XLC,nan
2026-06-05,Utilities,XLU,0.53
2026-06-05,Consumer Discretionary,XLY,0.45
2026-06-05,Energy,XLE,0.07
2026-06-05,Materials,XLB,-0.02
2026-06-05,Consumer Staples,XLP,-0.15
2026-06-05,Technology,XLK,-1.56
2026-06-05,Real Estate,XLRE,nan
2026-06-05,Consumer Staples,XLP,1.71
2026-06-05,Utilities,XLU,0.93
2026-06-05,Real Estate,XLRE,0.68
2026-06-05,Healthcare,XLV,0.61
2026-06-05,Financials,XLF,0.21
2026-06-05,Industrials,XLI,-1.12
2026-06-05,Communication Services,XLC,-1.27
2026-06-05,Energy,XLE,-1.84
2026-06-05,Materials,XLB,-1.92
2026-06-05,Consumer Discretionary,XLY,-2.05
2026-06-05,Technology,XLK,-6.66
2026-06-06,Consumer Staples,XLP,1.71
2026-06-06,Utilities,XLU,0.93
2026-06-06,Real Estate,XLRE,0.68
2026-06-06,Healthcare,XLV,0.61
2026-06-06,Financials,XLF,0.21
2026-06-06,Industrials,XLI,-1.12
2026-06-06,Communication Services,XLC,-1.27
2026-06-06,Energy,XLE,-1.84
2026-06-06,Materials,XLB,-1.92
2026-06-06,Consumer Discretionary,XLY,-2.05
2026-06-06,Technology,XLK,-6.66
2026-06-06,Consumer Staples,XLP,1.71
2026-06-06,Utilities,XLU,0.93
2026-06-06,Real Estate,XLRE,0.68
2026-06-06,Healthcare,XLV,0.61
2026-06-06,Financials,XLF,0.21
2026-06-06,Industrials,XLI,-1.12
2026-06-06,Communication Services,XLC,-1.27
2026-06-06,Energy,XLE,-1.84
2026-06-06,Materials,XLB,-1.92
2026-06-06,Consumer Discretionary,XLY,-2.05
2026-06-06,Technology,XLK,-6.66
2026-06-07,Consumer Staples,XLP,1.71
2026-06-07,Utilities,XLU,0.93
2026-06-07,Real Estate,XLRE,0.68
2026-06-07,Healthcare,XLV,0.61
2026-06-07,Financials,XLF,0.21
2026-06-07,Industrials,XLI,-1.12
2026-06-07,Communication Services,XLC,-1.27
2026-06-07,Energy,XLE,-1.84
2026-06-07,Materials,XLB,-1.92
2026-06-07,Consumer Discretionary,XLY,-2.05
2026-06-07,Technology,XLK,-6.66
2026-06-07,Consumer Staples,XLP,1.71
2026-06-07,Utilities,XLU,0.93
2026-06-07,Real Estate,XLRE,0.68
2026-06-07,Healthcare,XLV,0.61
2026-06-07,Financials,XLF,0.21
2026-06-07,Industrials,XLI,-1.12
2026-06-07,Communication Services,XLC,-1.27
2026-06-07,Energy,XLE,-1.84
2026-06-07,Materials,XLB,-1.92
2026-06-07,Consumer Discretionary,XLY,-2.05
2026-06-07,Technology,XLK,-6.66
2026-06-08,Energy,XLE,2.18
2026-06-08,Technology,XLK,1.78
2026-06-08,Consumer Discretionary,XLY,0.64
2026-06-08,Healthcare,XLV,0.5
2026-06-08,Industrials,XLI,0.18
2026-06-08,Financials,XLF,0.01
2026-06-08,Consumer Staples,XLP,-0.16
2026-06-08,Real Estate,XLRE,-0.34
2026-06-08,Materials,XLB,-0.45
2026-06-08,Utilities,XLU,-0.57
2026-06-08,Communication Services,XLC,-1.03
2026-06-08,Technology,XLK,2.15
2026-06-08,Energy,XLE,1.14
2026-06-08,Consumer Discretionary,XLY,0.46
2026-06-08,Healthcare,XLV,-0.24
2026-06-08,Industrials,XLI,-0.32
2026-06-08,Consumer Staples,XLP,-0.44
2026-06-08,Communication Services,XLC,-0.52
2026-06-08,Financials,XLF,-0.63
2026-06-08,Materials,XLB,-1.32
2026-06-08,Real Estate,XLRE,-1.5
2026-06-08,Utilities,XLU,-1.87
2026-06-09,Technology,XLK,2.15
2026-06-09,Energy,XLE,1.14
2026-06-09,Consumer Discretionary,XLY,0.46
2026-06-09,Healthcare,XLV,-0.24
2026-06-09,Industrials,XLI,-0.32
2026-06-09,Consumer Staples,XLP,-0.44
2026-06-09,Communication Services,XLC,-0.52
2026-06-09,Financials,XLF,-0.63
2026-06-09,Materials,XLB,-1.32
2026-06-09,Real Estate,XLRE,-1.5
2026-06-09,Utilities,XLU,-1.87
2026-06-09,Real Estate,XLRE,2.13
2026-06-09,Materials,XLB,1.62
2026-06-09,Healthcare,XLV,1.26
2026-06-09,Consumer Staples,XLP,1.24
2026-06-09,Industrials,XLI,1.13
2026-06-09,Utilities,XLU,1.06
2026-06-09,Financials,XLF,0.94
2026-06-09,Consumer Discretionary,XLY,0.42
2026-06-09,Communication Services,XLC,0.35
2026-06-09,Energy,XLE,-1.61
2026-06-09,Technology,XLK,-1.85
2026-06-10,Technology,XLK,nan
2026-06-10,Financials,XLF,nan
2026-06-10,Healthcare,XLV,nan
2026-06-10,Energy,XLE,nan
2026-06-10,Consumer Discretionary,XLY,nan
2026-06-10,Consumer Staples,XLP,nan
2026-06-10,Industrials,XLI,nan
2026-06-10,Communication Services,XLC,nan
2026-06-10,Utilities,XLU,nan
2026-06-10,Materials,XLB,nan
2026-06-10,Real Estate,XLRE,nan
2026-06-10,Consumer Staples,XLP,1.65
2026-06-10,Energy,XLE,1.5
2026-06-10,Utilities,XLU,0.05
2026-06-10,Real Estate,XLRE,0.04
2026-06-10,Communication Services,XLC,-0.42
2026-06-10,Financials,XLF,-0.44
2026-06-10,Healthcare,XLV,-1.11
2026-06-10,Consumer Discretionary,XLY,-2.05
2026-06-10,Technology,XLK,-2.29
2026-06-10,Materials,XLB,-2.3
2026-06-10,Industrials,XLI,-3.38
2026-06-11,Technology,XLK,1.8
2026-06-11,Industrials,XLI,1.43
2026-06-11,Materials,XLB,1.39
2026-06-11,Utilities,XLU,0.86
2026-06-11,Consumer Discretionary,XLY,0.77
2026-06-11,Healthcare,XLV,0.4
2026-06-11,Real Estate,XLRE,0.36
2026-06-11,Energy,XLE,0.19
2026-06-11,Financials,XLF,0.15
2026-06-11,Consumer Staples,XLP,-0.13
2026-06-11,Communication Services,XLC,-0.14
2026-06-11,Technology,XLK,3.73
2026-06-11,Materials,XLB,3.27
2026-06-11,Industrials,XLI,3.24
2026-06-11,Consumer Discretionary,XLY,2.48
2026-06-11,Communication Services,XLC,1.0
2026-06-11,Healthcare,XLV,0.81
2026-06-11,Financials,XLF,0.75
2026-06-11,Utilities,XLU,0.11
2026-06-11,Real Estate,XLRE,-0.16
2026-06-11,Consumer Staples,XLP,-0.26
2026-06-11,Energy,XLE,-1.94
2026-06-12,Technology,XLK,3.73
2026-06-12,Materials,XLB,3.27
2026-06-12,Industrials,XLI,3.24
2026-06-12,Consumer Discretionary,XLY,2.48
2026-06-12,Communication Services,XLC,1.0
2026-06-12,Healthcare,XLV,0.81
2026-06-12,Financials,XLF,0.75
2026-06-12,Utilities,XLU,0.11
2026-06-12,Real Estate,XLRE,-0.16
2026-06-12,Consumer Staples,XLP,-0.26
2026-06-12,Energy,XLE,-1.94
2026-06-12,Materials,XLB,1.87
2026-06-12,Financials,XLF,1.37
2026-06-12,Utilities,XLU,1.09
2026-06-12,Real Estate,XLRE,0.98
2026-06-12,Technology,XLK,0.87
2026-06-12,Energy,XLE,0.75
2026-06-12,Consumer Staples,XLP,0.65
2026-06-12,Industrials,XLI,0.59
2026-06-12,Consumer Discretionary,XLY,0.26
2026-06-12,Healthcare,XLV,-0.18
2026-06-12,Communication Services,XLC,-0.42
2026-06-13,Materials,XLB,1.87
2026-06-13,Financials,XLF,1.37
2026-06-13,Utilities,XLU,1.09
2026-06-13,Real Estate,XLRE,0.98
2026-06-13,Technology,XLK,0.87
2026-06-13,Energy,XLE,0.75
2026-06-13,Consumer Staples,XLP,0.65
2026-06-13,Industrials,XLI,0.59
2026-06-13,Consumer Discretionary,XLY,0.26
2026-06-13,Healthcare,XLV,-0.18
2026-06-13,Communication Services,XLC,-0.42
2026-06-13,Materials,XLB,1.87
2026-06-13,Financials,XLF,1.37
2026-06-13,Utilities,XLU,1.09
2026-06-13,Real Estate,XLRE,0.98
2026-06-13,Technology,XLK,0.87
2026-06-13,Energy,XLE,0.75
2026-06-13,Consumer Staples,XLP,0.65
2026-06-13,Industrials,XLI,0.59
2026-06-13,Consumer Discretionary,XLY,0.26
2026-06-13,Healthcare,XLV,-0.18
2026-06-13,Communication Services,XLC,-0.42
2026-06-14,Materials,XLB,1.87
2026-06-14,Financials,XLF,1.37
2026-06-14,Utilities,XLU,1.09
2026-06-14,Real Estate,XLRE,0.98
2026-06-14,Technology,XLK,0.87
2026-06-14,Energy,XLE,0.75
2026-06-14,Consumer Staples,XLP,0.65
2026-06-14,Industrials,XLI,0.59
2026-06-14,Consumer Discretionary,XLY,0.26
2026-06-14,Healthcare,XLV,-0.18
2026-06-14,Communication Services,XLC,-0.42
2026-06-14,Materials,XLB,1.87
2026-06-14,Financials,XLF,1.37
2026-06-14,Utilities,XLU,1.09
2026-06-14,Real Estate,XLRE,0.98
2026-06-14,Technology,XLK,0.87
2026-06-14,Energy,XLE,0.75
2026-06-14,Consumer Staples,XLP,0.65
2026-06-14,Industrials,XLI,0.59
2026-06-14,Consumer Discretionary,XLY,0.26
2026-06-14,Healthcare,XLV,-0.18
2026-06-14,Communication Services,XLC,-0.42
2026-06-15,Technology,XLK,3.48
2026-06-15,Consumer Discretionary,XLY,1.84
2026-06-15,Industrials,XLI,1.78
2026-06-15,Materials,XLB,1.0
2026-06-15,Financials,XLF,0.99
2026-06-15,Communication Services,XLC,0.47
2026-06-15,Utilities,XLU,0.4
2026-06-15,Real Estate,XLRE,-0.35
2026-06-15,Healthcare,XLV,-0.39
2026-06-15,Consumer Staples,XLP,-0.51
2026-06-15,Energy,XLE,-3.09
2026-06-15,Technology,XLK,3.78
2026-06-15,Consumer Discretionary,XLY,1.69
2026-06-15,Industrials,XLI,1.42
2026-06-15,Materials,XLB,0.61
2026-06-15,Communication Services,XLC,0.48
2026-06-15,Utilities,XLU,0.47
2026-06-15,Financials,XLF,0.41
2026-06-15,Consumer Staples,XLP,-0.4
2026-06-15,Healthcare,XLV,-0.6
2026-06-15,Real Estate,XLRE,-0.82
2026-06-15,Energy,XLE,-3.48
2026-06-16,Real Estate,XLRE,0.61
2026-06-16,Communication Services,XLC,-0.63
2026-06-16,Financials,XLF,1.47
2026-06-16,Utilities,XLU,0.72
2026-06-16,Industrials,XLI,0.65
2026-06-16,Materials,XLB,0.42
2026-06-16,Real Estate,XLRE,0.24
2026-06-16,Consumer Staples,XLP,0.13
2026-06-16,Communication Services,XLC,0.12
2026-06-16,Healthcare,XLV,0.03
2026-06-16,Consumer Discretionary,XLY,-0.09
2026-06-16,Energy,XLE,-0.34
2026-06-16,Technology,XLK,-2.79
2026-06-17,Technology,XLK,0.98
2026-06-17,Industrials,XLI,0.52
2026-06-17,Financials,XLF,0.26
2026-06-17,Materials,XLB,0.17
2026-06-17,Utilities,XLU,-0.01
2026-06-17,Consumer Staples,XLP,-0.33
2026-06-17,Consumer Discretionary,XLY,-0.35
2026-06-17,Healthcare,XLV,-0.46
2026-06-17,Energy,XLE,-0.7
2026-06-17,Industrials,XLI,-0.14
2026-06-17,Technology,XLK,-0.34
2026-06-17,Financials,XLF,-0.55
2026-06-17,Energy,XLE,-1.25
2026-06-17,Materials,XLB,-1.33
2026-06-17,Utilities,XLU,-1.33
2026-06-17,Healthcare,XLV,-1.46
2026-06-17,Consumer Staples,XLP,-2.23
2026-06-17,Real Estate,XLRE,-2.51
2026-06-17,Consumer Discretionary,XLY,-2.51
2026-06-17,Communication Services,XLC,-2.78
2026-06-18,Industrials,XLI,-0.14
2026-06-18,Technology,XLK,-0.34
2026-06-18,Financials,XLF,-0.55
2026-06-18,Energy,XLE,-1.25
2026-06-18,Materials,XLB,-1.33
2026-06-18,Utilities,XLU,-1.33
2026-06-18,Healthcare,XLV,-1.46
2026-06-18,Consumer Staples,XLP,-2.23
2026-06-18,Real Estate,XLRE,-2.51
2026-06-18,Consumer Discretionary,XLY,-2.51
2026-06-18,Communication Services,XLC,-2.78
2026-06-18,Technology,XLK,3.04
2026-06-18,Consumer Discretionary,XLY,1.45
2026-06-18,Industrials,XLI,0.73
2026-06-18,Utilities,XLU,0.67
2026-06-18,Communication Services,XLC,0.23
2026-06-18,Real Estate,XLRE,-0.25
2026-06-18,Materials,XLB,-0.4
2026-06-18,Consumer Staples,XLP,-0.45
2026-06-18,Healthcare,XLV,-0.87
2026-06-18,Financials,XLF,-0.89
2026-06-18,Energy,XLE,-1.65
2026-06-19,Technology,XLK,3.04
2026-06-19,Consumer Discretionary,XLY,1.45
2026-06-19,Industrials,XLI,0.73
2026-06-19,Utilities,XLU,0.67
2026-06-19,Communication Services,XLC,0.23
2026-06-19,Real Estate,XLRE,-0.25
2026-06-19,Materials,XLB,-0.4
2026-06-19,Consumer Staples,XLP,-0.45
2026-06-19,Healthcare,XLV,-0.87
2026-06-19,Financials,XLF,-0.89
2026-06-19,Energy,XLE,-1.65
2026-06-19,Technology,XLK,3.04
2026-06-19,Consumer Discretionary,XLY,1.45
2026-06-19,Industrials,XLI,0.73
2026-06-19,Utilities,XLU,0.67
2026-06-19,Communication Services,XLC,0.23
2026-06-19,Materials,XLB,-0.4
2026-06-19,Consumer Staples,XLP,-0.45
2026-06-19,Healthcare,XLV,-0.87
2026-06-19,Financials,XLF,-0.89
2026-06-19,Energy,XLE,-1.65
2026-06-19,Real Estate,XLRE,nan
2026-06-20,Technology,XLK,3.04
2026-06-20,Consumer Discretionary,XLY,1.45
2026-06-20,Industrials,XLI,0.73
2026-06-20,Utilities,XLU,0.67
2026-06-20,Communication Services,XLC,0.23
2026-06-20,Real Estate,XLRE,-0.25
2026-06-20,Materials,XLB,-0.4
2026-06-20,Consumer Staples,XLP,-0.45
2026-06-20,Healthcare,XLV,-0.87
2026-06-20,Financials,XLF,-0.89
2026-06-20,Energy,XLE,-1.65
2026-06-20,Technology,XLK,3.04
2026-06-20,Consumer Discretionary,XLY,1.45
2026-06-20,Industrials,XLI,0.73
2026-06-20,Utilities,XLU,0.67
2026-06-20,Communication Services,XLC,0.23
2026-06-20,Real Estate,XLRE,-0.25
2026-06-20,Materials,XLB,-0.4
2026-06-20,Consumer Staples,XLP,-0.45
2026-06-20,Healthcare,XLV,-0.87
2026-06-20,Financials,XLF,-0.89
2026-06-20,Energy,XLE,-1.65
2026-06-21,Technology,XLK,3.04
2026-06-21,Consumer Discretionary,XLY,1.45
2026-06-21,Industrials,XLI,0.73
2026-06-21,Utilities,XLU,0.67
2026-06-21,Communication Services,XLC,0.23
2026-06-21,Real Estate,XLRE,-0.25
2026-06-21,Materials,XLB,-0.4
2026-06-21,Consumer Staples,XLP,-0.45
2026-06-21,Healthcare,XLV,-0.87
2026-06-21,Financials,XLF,-0.89
2026-06-21,Energy,XLE,-1.65
2026-06-21,Technology,XLK,3.04
2026-06-21,Consumer Discretionary,XLY,1.45
2026-06-21,Industrials,XLI,0.73
2026-06-21,Utilities,XLU,0.67
2026-06-21,Communication Services,XLC,0.23
2026-06-21,Real Estate,XLRE,-0.25
2026-06-21,Materials,XLB,-0.4
2026-06-21,Consumer Staples,XLP,-0.45
2026-06-21,Healthcare,XLV,-0.87
2026-06-21,Financials,XLF,-0.89
2026-06-21,Energy,XLE,-1.65
2026-06-22,Industrials,XLI,0.4
2026-06-22,Technology,XLK,0.39
2026-06-22,Real Estate,XLRE,0.33
2026-06-22,Financials,XLF,0.32
2026-06-22,Utilities,XLU,0.26
2026-06-22,Healthcare,XLV,-0.03
2026-06-22,Materials,XLB,-0.25
2026-06-22,Consumer Staples,XLP,-0.43
2026-06-22,Energy,XLE,-0.61
2026-06-22,Consumer Discretionary,XLY,-1.13
2026-06-22,Communication Services,XLC,-2.61
2026-06-22,Energy,XLE,0.54
2026-06-22,Industrials,XLI,0.49
2026-06-22,Healthcare,XLV,0.44
2026-06-22,Technology,XLK,0.37
2026-06-22,Real Estate,XLRE,0.36
2026-06-22,Financials,XLF,0.24
2026-06-22,Utilities,XLU,-0.09
2026-06-22,Materials,XLB,-0.37
2026-06-22,Consumer Staples,XLP,-1.34
2026-06-22,Consumer Discretionary,XLY,-1.89
2026-06-22,Communication Services,XLC,-2.37
2026-06-23,Energy,XLE,1.26
2026-06-23,Real Estate,XLRE,1.24
2026-06-23,Healthcare,XLV,0.88
2026-06-23,Industrials,XLI,0.74
2026-06-23,Financials,XLF,0.59
2026-06-23,Utilities,XLU,0.55
2026-06-23,Technology,XLK,0.49
2026-06-23,Materials,XLB,0.01
2026-06-23,Consumer Staples,XLP,-0.66
2026-06-23,Consumer Discretionary,XLY,-1.7
2026-06-23,Communication Services,XLC,-2.11
2026-06-23,Consumer Staples,XLP,1.87
2026-06-23,Healthcare,XLV,1.41
2026-06-23,Real Estate,XLRE,1.41
2026-06-23,Utilities,XLU,0.78
2026-06-23,Energy,XLE,0.74
2026-06-23,Communication Services,XLC,0.38
2026-06-23,Financials,XLF,0.34
2026-06-23,Consumer Discretionary,XLY,-1.03
2026-06-23,Materials,XLB,-1.45
2026-06-23,Industrials,XLI,-2.01
2026-06-23,Technology,XLK,-4.14
2026-06-24,Consumer Staples,XLP,1.87
2026-06-24,Healthcare,XLV,1.41
2026-06-24,Real Estate,XLRE,1.41
2026-06-24,Utilities,XLU,0.78
2026-06-24,Energy,XLE,0.74
2026-06-24,Communication Services,XLC,0.38
2026-06-24,Financials,XLF,0.34
2026-06-24,Consumer Discretionary,XLY,-1.03
2026-06-24,Materials,XLB,-1.45
2026-06-24,Industrials,XLI,-2.01
2026-06-24,Technology,XLK,-4.14
2026-06-24,Industrials,XLI,1.16
2026-06-24,Consumer Discretionary,XLY,1.15
2026-06-24,Utilities,XLU,1.04
2026-06-24,Consumer Staples,XLP,0.86
2026-06-24,Healthcare,XLV,0.77
2026-06-24,Materials,XLB,0.57
2026-06-24,Real Estate,XLRE,-0.29
2026-06-24,Financials,XLF,-0.3
2026-06-24,Technology,XLK,-0.62
2026-06-24,Communication Services,XLC,-0.68
2026-06-24,Energy,XLE,-1.63
2026-06-25,Industrials,XLI,1.16
2026-06-25,Consumer Discretionary,XLY,1.15
2026-06-25,Utilities,XLU,1.04
2026-06-25,Consumer Staples,XLP,0.86
2026-06-25,Healthcare,XLV,0.77
2026-06-25,Materials,XLB,0.57
2026-06-25,Real Estate,XLRE,-0.29
2026-06-25,Financials,XLF,-0.3
2026-06-25,Technology,XLK,-0.62
2026-06-25,Communication Services,XLC,-0.68
2026-06-25,Energy,XLE,-1.63
2026-06-25,Industrials,XLI,2.17
2026-06-25,Healthcare,XLV,1.49
2026-06-25,Materials,XLB,1.33
2026-06-25,Energy,XLE,0.97
2026-06-25,Technology,XLK,0.83
2026-06-25,Utilities,XLU,0.68
2026-06-25,Real Estate,XLRE,0.18
2026-06-25,Financials,XLF,-0.5
2026-06-25,Consumer Staples,XLP,-0.59
2026-06-25,Communication Services,XLC,-0.9
2026-06-25,Consumer Discretionary,XLY,-1.49
2026-06-26,Industrials,XLI,2.17
2026-06-26,Healthcare,XLV,1.49
2026-06-26,Materials,XLB,1.33
2026-06-26,Energy,XLE,0.97
2026-06-26,Technology,XLK,0.83
2026-06-26,Utilities,XLU,0.68
2026-06-26,Real Estate,XLRE,0.18
2026-06-26,Financials,XLF,-0.5
2026-06-26,Consumer Staples,XLP,-0.59
2026-06-26,Communication Services,XLC,-0.9
2026-06-26,Consumer Discretionary,XLY,-1.49
2026-06-26,Healthcare,XLV,3.03
2026-06-26,Real Estate,XLRE,1.46
2026-06-26,Consumer Staples,XLP,0.92
2026-06-26,Consumer Discretionary,XLY,0.9
2026-06-26,Utilities,XLU,0.76
2026-06-26,Communication Services,XLC,0.57
2026-06-26,Financials,XLF,0.22
2026-06-26,Energy,XLE,-0.46
2026-06-26,Materials,XLB,-0.46
2026-06-26,Industrials,XLI,-1.59
2026-06-26,Technology,XLK,-1.87
2026-06-27,Healthcare,XLV,3.03
2026-06-27,Real Estate,XLRE,1.46
2026-06-27,Consumer Staples,XLP,0.92
2026-06-27,Consumer Discretionary,XLY,0.9
2026-06-27,Utilities,XLU,0.76
2026-06-27,Communication Services,XLC,0.57
2026-06-27,Financials,XLF,0.22
2026-06-27,Energy,XLE,-0.46
2026-06-27,Materials,XLB,-0.46
2026-06-27,Industrials,XLI,-1.59
2026-06-27,Technology,XLK,-1.87
2026-06-27,Technology,XLK,nan
2026-06-27,Financials,XLF,nan
2026-06-27,Healthcare,XLV,nan
2026-06-27,Energy,XLE,nan
2026-06-27,Consumer Discretionary,XLY,nan
2026-06-27,Consumer Staples,XLP,nan
2026-06-27,Industrials,XLI,nan
2026-06-27,Communication Services,XLC,nan
2026-06-27,Utilities,XLU,nan
2026-06-27,Materials,XLB,nan
2026-06-27,Real Estate,XLRE,nan
2026-06-28,Healthcare,XLV,3.03
2026-06-28,Real Estate,XLRE,1.46
2026-06-28,Consumer Staples,XLP,0.92
2026-06-28,Consumer Discretionary,XLY,0.9
2026-06-28,Utilities,XLU,0.76
2026-06-28,Communication Services,XLC,0.57
2026-06-28,Financials,XLF,0.22
2026-06-28,Energy,XLE,-0.46
2026-06-28,Materials,XLB,-0.46
2026-06-28,Industrials,XLI,-1.59
2026-06-28,Technology,XLK,-1.87
2026-06-28,Healthcare,XLV,3.03
2026-06-28,Real Estate,XLRE,1.46
2026-06-28,Consumer Staples,XLP,0.92
2026-06-28,Consumer Discretionary,XLY,0.9
2026-06-28,Utilities,XLU,0.76
2026-06-28,Communication Services,XLC,0.57
2026-06-28,Financials,XLF,0.22
2026-06-28,Energy,XLE,-0.46
2026-06-28,Materials,XLB,-0.46
2026-06-28,Industrials,XLI,-1.59
2026-06-28,Technology,XLK,-1.87
2026-06-29,Communication Services,XLC,1.98
2026-06-29,Consumer Discretionary,XLY,1.73
2026-06-29,Industrials,XLI,1.06
2026-06-29,Energy,XLE,0.59
2026-06-29,Financials,XLF,0.49
2026-06-29,Technology,XLK,0.33
2026-06-29,Consumer Staples,XLP,0.17
2026-06-29,Healthcare,XLV,0.12
2026-06-29,Utilities,XLU,-0.13
2026-06-29,Real Estate,XLRE,-0.24
2026-06-29,Materials,XLB,-1.2
2026-06-29,Consumer Discretionary,XLY,2.4
2026-06-29,Technology,XLK,2.37
2026-06-29,Communication Services,XLC,1.6
2026-06-29,Industrials,XLI,0.86
2026-06-29,Financials,XLF,0.28
2026-06-29,Healthcare,XLV,0.25
2026-06-29,Utilities,XLU,-0.39
2026-06-29,Consumer Staples,XLP,-0.4
2026-06-29,Energy,XLE,-0.48
2026-06-29,Real Estate,XLRE,-0.71
2026-06-29,Materials,XLB,-1.82
2026-06-30,Consumer Discretionary,XLY,2.4
2026-06-30,Technology,XLK,2.37
2026-06-30,Communication Services,XLC,1.6
2026-06-30,Industrials,XLI,0.86
2026-06-30,Financials,XLF,0.28
2026-06-30,Healthcare,XLV,0.25
2026-06-30,Utilities,XLU,-0.39
2026-06-30,Consumer Staples,XLP,-0.4
2026-06-30,Energy,XLE,-0.48
2026-06-30,Real Estate,XLRE,-0.71
2026-06-30,Materials,XLB,-1.82
2026-06-30,Technology,XLK,2.76
2026-06-30,Industrials,XLI,1.35
2026-06-30,Materials,XLB,0.34
2026-06-30,Consumer Discretionary,XLY,0.14
2026-06-30,Financials,XLF,-0.2
2026-06-30,Communication Services,XLC,-0.7
2026-06-30,Energy,XLE,-0.88
2026-06-30,Healthcare,XLV,-1.29
2026-06-30,Utilities,XLU,-1.48
2026-06-30,Consumer Staples,XLP,-1.54
2026-06-30,Real Estate,XLRE,-1.98
2026-07-01,Technology,XLK,2.76
2026-07-01,Industrials,XLI,1.35
2026-07-01,Materials,XLB,0.34
2026-07-01,Consumer Discretionary,XLY,0.14
2026-07-01,Financials,XLF,-0.2
2026-07-01,Communication Services,XLC,-0.7
2026-07-01,Energy,XLE,-0.88
2026-07-01,Healthcare,XLV,-1.29
2026-07-01,Utilities,XLU,-1.48
2026-07-01,Consumer Staples,XLP,-1.54
2026-07-01,Real Estate,XLRE,-1.98
2026-07-01,Communication Services,XLC,2.44
2026-07-01,Financials,XLF,2.18
2026-07-01,Consumer Discretionary,XLY,0.69
2026-07-01,Healthcare,XLV,0.55
2026-07-01,Materials,XLB,0.37
2026-07-01,Real Estate,XLRE,0.34
2026-07-01,Consumer Staples,XLP,0.28
2026-07-01,Energy,XLE,-0.56
2026-07-01,Industrials,XLI,-1.01
2026-07-01,Utilities,XLU,-1.26
2026-07-01,Technology,XLK,-2.57
2026-07-02,Communication Services,XLC,2.44
2026-07-02,Financials,XLF,2.18
2026-07-02,Consumer Discretionary,XLY,0.69
2026-07-02,Healthcare,XLV,0.55
2026-07-02,Materials,XLB,0.37
2026-07-02,Real Estate,XLRE,0.34
2026-07-02,Consumer Staples,XLP,0.28
2026-07-02,Energy,XLE,-0.56
2026-07-02,Industrials,XLI,-1.01
2026-07-02,Utilities,XLU,-1.26
2026-07-02,Technology,XLK,-2.57
2026-07-02,Healthcare,XLV,2.63
2026-07-02,Utilities,XLU,2.21
2026-07-02,Consumer Staples,XLP,2.03
2026-07-02,Materials,XLB,1.94
2026-07-02,Financials,XLF,1.53
2026-07-02,Real Estate,XLRE,1.13
2026-07-02,Energy,XLE,0.78
2026-07-02,Industrials,XLI,0.3
2026-07-02,Communication Services,XLC,-0.13
2026-07-02,Consumer Discretionary,XLY,-0.82
2026-07-02,Technology,XLK,-2.71
2026-07-03,Healthcare,XLV,2.63
2026-07-03,Utilities,XLU,2.21
2026-07-03,Consumer Staples,XLP,2.03
2026-07-03,Materials,XLB,1.94
2026-07-03,Financials,XLF,1.53
2026-07-03,Real Estate,XLRE,1.13
2026-07-03,Energy,XLE,0.78
2026-07-03,Industrials,XLI,0.3
2026-07-03,Communication Services,XLC,-0.13
2026-07-03,Consumer Discretionary,XLY,-0.82
2026-07-03,Technology,XLK,-2.71
2026-07-03,Healthcare,XLV,2.63
2026-07-03,Utilities,XLU,2.21
2026-07-03,Consumer Staples,XLP,2.03
2026-07-03,Materials,XLB,1.94
2026-07-03,Financials,XLF,1.53
2026-07-03,Real Estate,XLRE,1.13
2026-07-03,Energy,XLE,0.78
2026-07-03,Industrials,XLI,0.3
2026-07-03,Communication Services,XLC,-0.13
2026-07-03,Consumer Discretionary,XLY,-0.82
2026-07-03,Technology,XLK,-2.71
2026-07-04,Healthcare,XLV,2.63
2026-07-04,Utilities,XLU,2.21
2026-07-04,Consumer Staples,XLP,2.03
2026-07-04,Materials,XLB,1.94
2026-07-04,Financials,XLF,1.53
2026-07-04,Real Estate,XLRE,1.13
2026-07-04,Energy,XLE,0.78
2026-07-04,Industrials,XLI,0.3
2026-07-04,Communication Services,XLC,-0.13
2026-07-04,Consumer Discretionary,XLY,-0.82
2026-07-04,Technology,XLK,-2.71
2026-07-04,Healthcare,XLV,2.63
2026-07-04,Utilities,XLU,2.21
2026-07-04,Consumer Staples,XLP,2.03
2026-07-04,Materials,XLB,1.94
2026-07-04,Financials,XLF,1.53
2026-07-04,Real Estate,XLRE,1.13
2026-07-04,Energy,XLE,0.78
2026-07-04,Industrials,XLI,0.3
2026-07-04,Communication Services,XLC,-0.13
2026-07-04,Consumer Discretionary,XLY,-0.82
2026-07-04,Technology,XLK,-2.71
2026-07-05,Healthcare,XLV,2.63
2026-07-05,Utilities,XLU,2.21
2026-07-05,Consumer Staples,XLP,2.03
2026-07-05,Materials,XLB,1.94
2026-07-05,Financials,XLF,1.53
2026-07-05,Real Estate,XLRE,1.13
2026-07-05,Energy,XLE,0.78
2026-07-05,Industrials,XLI,0.3
2026-07-05,Communication Services,XLC,-0.13
2026-07-05,Consumer Discretionary,XLY,-0.82
2026-07-05,Technology,XLK,-2.71
2026-07-05,Healthcare,XLV,2.63
2026-07-05,Utilities,XLU,2.21
2026-07-05,Consumer Staples,XLP,2.03
2026-07-05,Materials,XLB,1.94
2026-07-05,Financials,XLF,1.53
2026-07-05,Real Estate,XLRE,1.13
2026-07-05,Energy,XLE,0.78
2026-07-05,Industrials,XLI,0.3
2026-07-05,Communication Services,XLC,-0.13
2026-07-05,Consumer Discretionary,XLY,-0.82
2026-07-05,Technology,XLK,-2.71
2026-07-06,Technology,XLK,1.36
2026-07-06,Industrials,XLI,0.8
2026-07-06,Financials,XLF,0.23
2026-07-06,Energy,XLE,0.12
2026-07-06,Communication Services,XLC,0.1
2026-07-06,Utilities,XLU,-0.13
2026-07-06,Materials,XLB,-0.42
2026-07-06,Real Estate,XLRE,-0.49
2026-07-06,Consumer Staples,XLP,-0.55
2026-07-06,Consumer Discretionary,XLY,-0.79
2026-07-06,Healthcare,XLV,-1.09
2026-07-06,Technology,XLK,1.65
2026-07-06,Financials,XLF,0.93
2026-07-06,Industrials,XLI,0.9
2026-07-06,Consumer Discretionary,XLY,0.76
2026-07-06,Communication Services,XLC,0.56
2026-07-06,Materials,XLB,-0.06
2026-07-06,Energy,XLE,-0.17
2026-07-06,Real Estate,XLRE,-0.87
2026-07-06,Utilities,XLU,-1.01
2026-07-06,Consumer Staples,XLP,-1.05
2026-07-06,Healthcare,XLV,-1.09
2026-07-07,Technology,XLK,1.65
2026-07-07,Financials,XLF,0.93
2026-07-07,Industrials,XLI,0.9
2026-07-07,Consumer Discretionary,XLY,0.76
2026-07-07,Communication Services,XLC,0.56
2026-07-07,Materials,XLB,-0.06
2026-07-07,Energy,XLE,-0.17
2026-07-07,Real Estate,XLRE,-0.87
2026-07-07,Utilities,XLU,-1.01
2026-07-07,Consumer Staples,XLP,-1.05
2026-07-07,Healthcare,XLV,-1.09
2026-07-07,Energy,XLE,2.84
2026-07-07,Healthcare,XLV,1.53
2026-07-07,Real Estate,XLRE,1.35
2026-07-07,Consumer Staples,XLP,0.9
2026-07-07,Utilities,XLU,0.88
2026-07-07,Communication Services,XLC,0.73
2026-07-07,Financials,XLF,-0.16
2026-07-07,Consumer Discretionary,XLY,-0.53
2026-07-07,Materials,XLB,-0.9
2026-07-07,Industrials,XLI,-1.71
2026-07-07,Technology,XLK,-2.39
2026-07-08,Energy,XLE,2.84
2026-07-08,Healthcare,XLV,1.53
2026-07-08,Real Estate,XLRE,1.35
2026-07-08,Consumer Staples,XLP,0.9
2026-07-08,Utilities,XLU,0.88
2026-07-08,Communication Services,XLC,0.73
2026-07-08,Financials,XLF,-0.16
2026-07-08,Consumer Discretionary,XLY,-0.53
2026-07-08,Materials,XLB,-0.9
2026-07-08,Industrials,XLI,-1.71
2026-07-08,Technology,XLK,-2.39
2026-07-08,Energy,XLE,1.76
2026-07-08,Technology,XLK,1.24
2026-07-08,Consumer Staples,XLP,-0.55
2026-07-08,Utilities,XLU,-0.74
2026-07-08,Industrials,XLI,-1.07
2026-07-08,Healthcare,XLV,-1.3
2026-07-08,Communication Services,XLC,-1.41
2026-07-08,Real Estate,XLRE,-1.65
2026-07-08,Consumer Discretionary,XLY,-1.78
2026-07-08,Financials,XLF,-1.93
2026-07-08,Materials,XLB,-2.62
2026-07-09,Technology,XLK,2.18
2026-07-09,Consumer Discretionary,XLY,1.34
2026-07-09,Financials,XLF,1.04
2026-07-09,Communication Services,XLC,0.96
2026-07-09,Industrials,XLI,0.38
2026-07-09,Materials,XLB,0.2
2026-07-09,Real Estate,XLRE,0.18
2026-07-09,Healthcare,XLV,-0.08
2026-07-09,Utilities,XLU,-0.51
2026-07-09,Energy,XLE,-1.4
2026-07-09,Consumer Staples,XLP,-1.41
2026-07-10,Technology,XLK,2.18
2026-07-10,Consumer Discretionary,XLY,1.34
2026-07-10,Financials,XLF,1.04
2026-07-10,Communication Services,XLC,0.96
2026-07-10,Industrials,XLI,0.38
2026-07-10,Materials,XLB,0.2
2026-07-10,Real Estate,XLRE,0.18
2026-07-10,Healthcare,XLV,-0.08
2026-07-10,Utilities,XLU,-0.51
2026-07-10,Energy,XLE,-1.4
2026-07-10,Consumer Staples,XLP,-1.41
2026-07-10,Materials,XLB,1.25
2026-07-10,Consumer Staples,XLP,1.11
2026-07-10,Communication Services,XLC,1.02
2026-07-10,Utilities,XLU,0.62
2026-07-10,Real Estate,XLRE,0.5
2026-07-10,Energy,XLE,0.47
2026-07-10,Industrials,XLI,0.45
2026-07-10,Consumer Discretionary,XLY,0.33
2026-07-10,Financials,XLF,0.31
2026-07-10,Technology,XLK,0.23
2026-07-10,Healthcare,XLV,-0.82
2026-07-11,Materials,XLB,1.25
2026-07-11,Consumer Staples,XLP,1.11
2026-07-11,Communication Services,XLC,1.02
2026-07-11,Utilities,XLU,0.62
2026-07-11,Real Estate,XLRE,0.5
2026-07-11,Energy,XLE,0.47
2026-07-11,Industrials,XLI,0.45
2026-07-11,Consumer Discretionary,XLY,0.33
2026-07-11,Financials,XLF,0.31
2026-07-11,Technology,XLK,0.23
2026-07-11,Healthcare,XLV,-0.82
2026-07-11,Materials,XLB,1.25
2026-07-11,Consumer Staples,XLP,1.11
2026-07-11,Communication Services,XLC,1.02
2026-07-11,Utilities,XLU,0.62
2026-07-11,Real Estate,XLRE,0.5
2026-07-11,Energy,XLE,0.47
2026-07-11,Industrials,XLI,0.45
2026-07-11,Consumer Discretionary,XLY,0.33
2026-07-11,Financials,XLF,0.31
2026-07-11,Technology,XLK,0.23
2026-07-11,Healthcare,XLV,-0.82
2026-07-12,Materials,XLB,1.25
2026-07-12,Consumer Staples,XLP,1.11
2026-07-12,Communication Services,XLC,1.02
2026-07-12,Utilities,XLU,0.62
2026-07-12,Real Estate,XLRE,0.5
2026-07-12,Energy,XLE,0.47
2026-07-12,Industrials,XLI,0.45
2026-07-12,Consumer Discretionary,XLY,0.33
2026-07-12,Financials,XLF,0.31
2026-07-12,Technology,XLK,0.23
2026-07-12,Healthcare,XLV,-0.82
2026-07-12,Materials,XLB,1.25
2026-07-12,Consumer Staples,XLP,1.11
2026-07-12,Communication Services,XLC,1.02
2026-07-12,Utilities,XLU,0.62
2026-07-12,Real Estate,XLRE,0.5
2026-07-12,Energy,XLE,0.47
2026-07-12,Industrials,XLI,0.45
2026-07-12,Consumer Discretionary,XLY,0.33
2026-07-12,Financials,XLF,0.31
2026-07-12,Technology,XLK,0.23
2026-07-12,Healthcare,XLV,-0.82
2026-07-13,Materials,XLB,1.25
2026-07-13,Consumer Staples,XLP,1.11
2026-07-13,Communication Services,XLC,1.02
2026-07-13,Utilities,XLU,0.62
2026-07-13,Real Estate,XLRE,0.5
2026-07-13,Energy,XLE,0.47
2026-07-13,Industrials,XLI,0.45
2026-07-13,Consumer Discretionary,XLY,0.33
2026-07-13,Financials,XLF,0.31
2026-07-13,Technology,XLK,0.23
2026-07-13,Healthcare,XLV,-0.82
2026-07-13,Energy,XLE,3.01
2026-07-13,Utilities,XLU,0.68
2026-07-13,Financials,XLF,0.65
2026-07-13,Real Estate,XLRE,0.56
2026-07-13,Consumer Staples,XLP,0.56
2026-07-13,Healthcare,XLV,0.35
2026-07-13,Communication Services,XLC,-0.04
2026-07-13,Materials,XLB,-0.61
2026-07-13,Industrials,XLI,-0.85
2026-07-13,Consumer Discretionary,XLY,-1.02
2026-07-13,Technology,XLK,-2.42
2026-07-14,Energy,XLE,3.01
2026-07-14,Utilities,XLU,0.68
2026-07-14,Financials,XLF,0.65
2026-07-14,Real Estate,XLRE,0.56
2026-07-14,Consumer Staples,XLP,0.56
2026-07-14,Healthcare,XLV,0.35
2026-07-14,Communication Services,XLC,-0.04
2026-07-14,Materials,XLB,-0.61
2026-07-14,Industrials,XLI,-0.85
2026-07-14,Consumer Discretionary,XLY,-1.02
2026-07-14,Technology,XLK,-2.42
2026-07-14,Technology,XLK,1.29
2026-07-14,Energy,XLE,0.37
2026-07-14,Financials,XLF,0.2
2026-07-14,Materials,XLB,0.12
2026-07-14,Industrials,XLI,0.04
2026-07-14,Utilities,XLU,-0.07
2026-07-14,Consumer Discretionary,XLY,-0.12
2026-07-14,Communication Services,XLC,-0.13
2026-07-14,Real Estate,XLRE,-0.49
2026-07-14,Consumer Staples,XLP,-1.38
2026-07-14,Healthcare,XLV,-1.93
2026-07-15,Technology,XLK,nan
2026-07-15,Financials,XLF,nan
2026-07-15,Healthcare,XLV,nan
2026-07-15,Energy,XLE,nan
2026-07-15,Consumer Discretionary,XLY,nan
2026-07-15,Consumer Staples,XLP,nan
2026-07-15,Industrials,XLI,nan
2026-07-15,Communication Services,XLC,-0.13
2026-07-15,Utilities,XLU,nan
2026-07-15,Materials,XLB,nan
2026-07-15,Real Estate,XLRE,-0.49
2026-07-15,Communication Services,XLC,1.73
2026-07-15,Consumer Discretionary,XLY,0.95
2026-07-15,Financials,XLF,0.68
2026-07-15,Real Estate,XLRE,0.18
2026-07-15,Consumer Staples,XLP,0.06
2026-07-15,Healthcare,XLV,0.0
2026-07-15,Industrials,XLI,-0.22
2026-07-15,Materials,XLB,-0.28
2026-07-15,Energy,XLE,-0.79
2026-07-15,Utilities,XLU,-1.03
2026-07-15,Technology,XLK,-1.11
2026-07-16,Communication Services,XLC,1.73
2026-07-16,Consumer Discretionary,XLY,0.95
2026-07-16,Financials,XLF,0.68
2026-07-16,Real Estate,XLRE,0.18
2026-07-16,Consumer Staples,XLP,0.06
2026-07-16,Healthcare,XLV,0.0
2026-07-16,Industrials,XLI,-0.22
2026-07-16,Materials,XLB,-0.28
2026-07-16,Energy,XLE,-0.79
2026-07-16,Utilities,XLU,-1.03
2026-07-16,Technology,XLK,-1.11
2026-07-16,Consumer Staples,XLP,2.8
2026-07-16,Healthcare,XLV,2.22
2026-07-16,Real Estate,XLRE,2.02
2026-07-16,Energy,XLE,0.92
2026-07-16,Materials,XLB,0.77
2026-07-16,Utilities,XLU,0.55
2026-07-16,Financials,XLF,0.34
2026-07-16,Consumer Discretionary,XLY,0.29
2026-07-16,Industrials,XLI,0.05
2026-07-16,Communication Services,XLC,-0.64
2026-07-16,Technology,XLK,-2.24
2026-07-17,Consumer Staples,XLP,2.8
2026-07-17,Healthcare,XLV,2.22
2026-07-17,Real Estate,XLRE,2.02
2026-07-17,Energy,XLE,0.92
2026-07-17,Materials,XLB,0.77
2026-07-17,Utilities,XLU,0.55
2026-07-17,Financials,XLF,0.34
2026-07-17,Consumer Discretionary,XLY,0.29
2026-07-17,Industrials,XLI,0.05
2026-07-17,Communication Services,XLC,-0.64
2026-07-17,Technology,XLK,-2.24
2026-07-17,Energy,XLE,1.16
2026-07-17,Real Estate,XLRE,-0.09
2026-07-17,Industrials,XLI,-0.41
2026-07-17,Healthcare,XLV,-0.44
2026-07-17,Utilities,XLU,-0.66
2026-07-17,Materials,XLB,-0.71
2026-07-17,Consumer Staples,XLP,-0.72
2026-07-17,Financials,XLF,-0.86
2026-07-17,Technology,XLK,-1.09
2026-07-17,Consumer Discretionary,XLY,-1.62
2026-07-17,Communication Services,XLC,-1.78
2026-07-18,Energy,XLE,1.16
2026-07-18,Real Estate,XLRE,-0.09
2026-07-18,Industrials,XLI,-0.41
2026-07-18,Healthcare,XLV,-0.44
2026-07-18,Utilities,XLU,-0.66
2026-07-18,Materials,XLB,-0.71
2026-07-18,Consumer Staples,XLP,-0.72
2026-07-18,Financials,XLF,-0.86
2026-07-18,Technology,XLK,-1.09
2026-07-18,Consumer Discretionary,XLY,-1.62
2026-07-18,Communication Services,XLC,-1.78
2026-07-18,Energy,XLE,1.16
2026-07-18,Real Estate,XLRE,-0.09
2026-07-18,Industrials,XLI,-0.41
2026-07-18,Healthcare,XLV,-0.44
2026-07-18,Utilities,XLU,-0.66
2026-07-18,Materials,XLB,-0.71
2026-07-18,Consumer Staples,XLP,-0.72
2026-07-18,Financials,XLF,-0.86
2026-07-18,Technology,XLK,-1.09
2026-07-18,Consumer Discretionary,XLY,-1.62
2026-07-18,Communication Services,XLC,-1.78
2026-07-19,Energy,XLE,1.16
2026-07-19,Real Estate,XLRE,-0.09
2026-07-19,Industrials,XLI,-0.41
2026-07-19,Healthcare,XLV,-0.44
2026-07-19,Utilities,XLU,-0.66
2026-07-19,Materials,XLB,-0.71
2026-07-19,Consumer Staples,XLP,-0.72
2026-07-19,Financials,XLF,-0.86
2026-07-19,Technology,XLK,-1.09
2026-07-19,Consumer Discretionary,XLY,-1.62
2026-07-19,Communication Services,XLC,-1.78
2026-07-19,Energy,XLE,1.16
2026-07-19,Real Estate,XLRE,-0.09
2026-07-19,Industrials,XLI,-0.41
2026-07-19,Healthcare,XLV,-0.44
2026-07-19,Utilities,XLU,-0.66
2026-07-19,Materials,XLB,-0.71
2026-07-19,Consumer Staples,XLP,-0.72
2026-07-19,Financials,XLF,-0.86
2026-07-19,Technology,XLK,-1.09
2026-07-19,Consumer Discretionary,XLY,-1.62
2026-07-19,Communication Services,XLC,-1.78
2026-07-20,Energy,XLE,1.16
2026-07-20,Real Estate,XLRE,-0.09
2026-07-20,Industrials,XLI,-0.41
2026-07-20,Healthcare,XLV,-0.44
2026-07-20,Utilities,XLU,-0.66
2026-07-20,Materials,XLB,-0.71
2026-07-20,Consumer Staples,XLP,-0.72
2026-07-20,Financials,XLF,-0.86
2026-07-20,Technology,XLK,-1.09
2026-07-20,Consumer Discretionary,XLY,-1.62
2026-07-20,Communication Services,XLC,-1.78
2026-07-20,Energy,XLE,0.45
2026-07-20,Communication Services,XLC,0.14
2026-07-20,Technology,XLK,0.07
2026-07-20,Consumer Staples,XLP,-0.39
2026-07-20,Financials,XLF,-0.39
2026-07-20,Real Estate,XLRE,-0.42
2026-07-20,Utilities,XLU,-0.51
2026-07-20,Consumer Discretionary,XLY,-0.72
2026-07-20,Industrials,XLI,-0.72
2026-07-20,Materials,XLB,-0.99
2026-07-20,Healthcare,XLV,-1.14
2026-07-21,Energy,XLE,0.45
2026-07-21,Communication Services,XLC,0.14
2026-07-21,Technology,XLK,0.07
2026-07-21,Consumer Staples,XLP,-0.39
2026-07-21,Financials,XLF,-0.39
2026-07-21,Real Estate,XLRE,-0.42
2026-07-21,Utilities,XLU,-0.51
2026-07-21,Consumer Discretionary,XLY,-0.72
2026-07-21,Industrials,XLI,-0.72
2026-07-21,Materials,XLB,-0.99
2026-07-21,Healthcare,XLV,-1.14
2026-07-21,Technology,XLK,2.89
2026-07-21,Energy,XLE,0.97
2026-07-21,Healthcare,XLV,0.63
2026-07-21,Industrials,XLI,0.3
2026-07-21,Consumer Discretionary,XLY,0.23
2026-07-21,Materials,XLB,0.14
2026-07-21,Financials,XLF,0.12
2026-07-21,Utilities,XLU,-0.04
2026-07-21,Real Estate,XLRE,-0.07
2026-07-21,Communication Services,XLC,-0.69
2026-07-21,Consumer Staples,XLP,-0.94
2026-07-22,Technology,XLK,2.89
2026-07-22,Energy,XLE,0.97
2026-07-22,Healthcare,XLV,0.63
2026-07-22,Industrials,XLI,0.3
2026-07-22,Consumer Discretionary,XLY,0.23
2026-07-22,Materials,XLB,0.14
2026-07-22,Financials,XLF,0.12
2026-07-22,Utilities,XLU,-0.04
2026-07-22,Real Estate,XLRE,-0.07
2026-07-22,Communication Services,XLC,-0.69
2026-07-22,Consumer Staples,XLP,-0.94
2026-07-22,Utilities,XLU,2.25
2026-07-22,Materials,XLB,1.44
2026-07-22,Energy,XLE,1.2
2026-07-22,Consumer Staples,XLP,0.38
2026-07-22,Industrials,XLI,0.11
2026-07-22,Financials,XLF,-0.11
2026-07-22,Technology,XLK,-0.28
2026-07-22,Real Estate,XLRE,-0.42
2026-07-22,Healthcare,XLV,-0.51
2026-07-22,Consumer Discretionary,XLY,-0.74
2026-07-22,Communication Services,XLC,-0.75
2026-07-23,Utilities,XLU,2.25
2026-07-23,Materials,XLB,1.44
2026-07-23,Energy,XLE,1.2
2026-07-23,Consumer Staples,XLP,0.38
2026-07-23,Industrials,XLI,0.11
2026-07-23,Financials,XLF,-0.11
2026-07-23,Technology,XLK,-0.28
2026-07-23,Real Estate,XLRE,-0.42
2026-07-23,Healthcare,XLV,-0.51
2026-07-23,Consumer Discretionary,XLY,-0.74
2026-07-23,Communication Services,XLC,-0.75
2026-07-23,Industrials,XLI,1.73
2026-07-23,Healthcare,XLV,1.26
2026-07-23,Utilities,XLU,0.57
2026-07-23,Energy,XLE,0.3
2026-07-23,Real Estate,XLRE,-0.13
2026-07-23,Financials,XLF,-0.39
2026-07-23,Technology,XLK,-1.01
2026-07-23,Materials,XLB,-1.04
2026-07-23,Consumer Staples,XLP,-1.39
2026-07-23,Communication Services,XLC,-3.5
2026-07-23,Consumer Discretionary,XLY,-4.61
2026-07-24,Industrials,XLI,1.73
2026-07-24,Healthcare,XLV,1.26
2026-07-24,Utilities,XLU,0.57
2026-07-24,Energy,XLE,0.3
2026-07-24,Real Estate,XLRE,-0.13
2026-07-24,Financials,XLF,-0.39
2026-07-24,Technology,XLK,-1.01
2026-07-24,Materials,XLB,-1.04
2026-07-24,Consumer Staples,XLP,-1.39
2026-07-24,Communication Services,XLC,-3.5
2026-07-24,Consumer Discretionary,XLY,-4.61
2026-07-24,Real Estate,XLRE,2.22
2026-07-24,Materials,XLB,1.93
2026-07-24,Consumer Staples,XLP,1.11
2026-07-24,Communication Services,XLC,0.87
2026-07-24,Financials,XLF,0.86
2026-07-24,Healthcare,XLV,0.7
2026-07-24,Consumer Discretionary,XLY,0.6
2026-07-24,Energy,XLE,0.4
2026-07-24,Industrials,XLI,0.4
2026-07-24,Utilities,XLU,0.22
2026-07-24,Technology,XLK,-1.44
2026-07-25,Real Estate,XLRE,2.22
2026-07-25,Materials,XLB,1.93
2026-07-25,Consumer Staples,XLP,1.11
2026-07-25,Communication Services,XLC,0.87
2026-07-25,Financials,XLF,0.86
2026-07-25,Healthcare,XLV,0.7
2026-07-25,Consumer Discretionary,XLY,0.6
2026-07-25,Energy,XLE,0.4
2026-07-25,Industrials,XLI,0.4
2026-07-25,Utilities,XLU,0.22
2026-07-25,Technology,XLK,-1.44
2026-07-25,Real Estate,XLRE,2.22
2026-07-25,Materials,XLB,1.93
2026-07-25,Consumer Staples,XLP,1.11
2026-07-25,Communication Services,XLC,0.87
2026-07-25,Financials,XLF,0.86
2026-07-25,Healthcare,XLV,0.7
2026-07-25,Consumer Discretionary,XLY,0.6
2026-07-25,Energy,XLE,0.4
2026-07-25,Industrials,XLI,0.4
2026-07-25,Utilities,XLU,0.22
2026-07-25,Technology,XLK,-1.44
2026-07-26,Real Estate,XLRE,2.22
2026-07-26,Materials,XLB,1.93
2026-07-26,Consumer Staples,XLP,1.11
2026-07-26,Communication Services,XLC,0.87
2026-07-26,Financials,XLF,0.86
2026-07-26,Healthcare,XLV,0.7
2026-07-26,Consumer Discretionary,XLY,0.6
2026-07-26,Energy,XLE,0.4
2026-07-26,Industrials,XLI,0.4
2026-07-26,Utilities,XLU,0.22
2026-07-26,Technology,XLK,-1.44
2026-07-26,Real Estate,XLRE,2.22
2026-07-26,Materials,XLB,1.93
2026-07-26,Consumer Staples,XLP,1.11
2026-07-26,Communication Services,XLC,0.87
2026-07-26,Financials,XLF,0.86
2026-07-26,Healthcare,XLV,0.7
2026-07-26,Consumer Discretionary,XLY,0.6
2026-07-26,Energy,XLE,0.4
2026-07-26,Industrials,XLI,0.4
2026-07-26,Utilities,XLU,0.22
2026-07-26,Technology,XLK,-1.44
2026-07-27,Technology,XLK,nan
2026-07-27,Financials,XLF,nan
2026-07-27,Healthcare,XLV,nan
2026-07-27,Energy,XLE,nan
2026-07-27,Consumer Discretionary,XLY,nan
2026-07-27,Consumer Staples,XLP,nan
2026-07-27,Industrials,XLI,nan
2026-07-27,Communication Services,XLC,nan
2026-07-27,Utilities,XLU,nan
2026-07-27,Materials,XLB,nan
2026-07-27,Real Estate,XLRE,nan
2026-07-27,Consumer Staples,XLP,1.46
2026-07-27,Consumer Discretionary,XLY,1.31
2026-07-27,Communication Services,XLC,1.28
2026-07-27,Financials,XLF,1.01
2026-07-27,Healthcare,XLV,0.51
2026-07-27,Industrials,XLI,0.3
2026-07-27,Materials,XLB,0.25
2026-07-27,Real Estate,XLRE,-0.41
2026-07-27,Technology,XLK,-0.9
2026-07-27,Utilities,XLU,-1.32
2026-07-27,Energy,XLE,-2.11
2026-07-28,Consumer Staples,XLP,1.46
2026-07-28,Consumer Discretionary,XLY,1.31
2026-07-28,Communication Services,XLC,1.28
2026-07-28,Financials,XLF,1.01
2026-07-28,Healthcare,XLV,0.51
2026-07-28,Industrials,XLI,0.3
2026-07-28,Materials,XLB,0.25
2026-07-28,Real Estate,XLRE,-0.41
2026-07-28,Technology,XLK,-0.9
2026-07-28,Utilities,XLU,-1.32
2026-07-28,Energy,XLE,-2.11
2026-07-28,Healthcare,XLV,2.36
2026-07-28,Consumer Staples,XLP,1.99
2026-07-28,Communication Services,XLC,1.87
2026-07-28,Materials,XLB,1.85
2026-07-28,Consumer Discretionary,XLY,1.48
2026-07-28,Financials,XLF,1.27
2026-07-28,Real Estate,XLRE,0.55
2026-07-28,Utilities,XLU,-0.35
2026-07-28,Industrials,XLI,-0.39
2026-07-28,Energy,XLE,-1.35
2026-07-28,Technology,XLK,-1.84
2026-07-29,Technology,XLK,nan
2026-07-29,Financials,XLF,nan
2026-07-29,Healthcare,XLV,nan
2026-07-29,Energy,XLE,nan
2026-07-29,Consumer Discretionary,XLY,nan
2026-07-29,Consumer Staples,XLP,nan
2026-07-29,Industrials,XLI,nan
2026-07-29,Communication Services,XLC,nan
2026-07-29,Utilities,XLU,nan
2026-07-29,Materials,XLB,nan
2026-07-29,Real Estate,XLRE,nan
2026-07-29,Energy,XLE,1.88
2026-07-29,Consumer Staples,XLP,0.34
2026-07-29,Real Estate,XLRE,-0.11
2026-07-29,Communication Services,XLC,-0.15
2026-07-29,Healthcare,XLV,-0.61
2026-07-29,Consumer Discretionary,XLY,-0.77
2026-07-29,Materials,XLB,-1.15
2026-07-29,Utilities,XLU,-1.34
2026-07-29,Financials,XLF,-1.6
2026-07-29,Technology,XLK,-2.64
2026-07-29,Industrials,XLI,-3.19
2026-07-30,Energy,XLE,1.88
2026-07-30,Consumer Staples,XLP,0.34
2026-07-30,Real Estate,XLRE,-0.11
2026-07-30,Communication Services,XLC,-0.15
2026-07-30,Healthcare,XLV,-0.61
2026-07-30,Consumer Discretionary,XLY,-0.77
2026-07-30,Materials,XLB,-1.15
2026-07-30,Utilities,XLU,-1.34
2026-07-30,Financials,XLF,-1.6
2026-07-30,Technology,XLK,-2.64
2026-07-30,Industrials,XLI,-3.19
2026-07-30,Technology,XLK,5.5
2026-07-30,Industrials,XLI,0.98
2026-07-30,Consumer Discretionary,XLY,0.7
2026-07-30,Financials,XLF,0.56
2026-07-30,Energy,XLE,0.53
2026-07-30,Materials,XLB,-0.19
2026-07-30,Utilities,XLU,-0.56
2026-07-30,Real Estate,XLRE,-1.44
2026-07-30,Healthcare,XLV,-1.64
2026-07-30,Consumer Staples,XLP,-2.16
2026-07-30,Communication Services,XLC,-2.68
2026-07-31,Technology,XLK,5.5
2026-07-31,Industrials,XLI,0.98
2026-07-31,Consumer Discretionary,XLY,0.7
2026-07-31,Financials,XLF,0.56
2026-07-31,Energy,XLE,0.53
2026-07-31,Materials,XLB,-0.19
2026-07-31,Utilities,XLU,-0.56
2026-07-31,Real Estate,XLRE,-1.44
2026-07-31,Healthcare,XLV,-1.64
2026-07-31,Consumer Staples,XLP,-2.16
2026-07-31,Communication Services,XLC,-2.68
2026-07-31,Consumer Discretionary,XLY,3.29
2026-07-31,Communication Services,XLC,1.56
2026-07-31,Energy,XLE,1.0
2026-07-31,Industrials,XLI,0.81
2026-07-31,Financials,XLF,-0.11
2026-07-31,Technology,XLK,-0.22
2026-07-31,Consumer Staples,XLP,-0.49
2026-07-31,Real Estate,XLRE,-0.51
2026-07-31,Healthcare,XLV,-0.59
2026-07-31,Utilities,XLU,-0.69
2026-07-31,Materials,XLB,-2.34
2026-08-01,Consumer Discretionary,XLY,3.29
2026-08-01,Communication Services,XLC,1.56
2026-08-01,Energy,XLE,1.0
2026-08-01,Industrials,XLI,0.81
2026-08-01,Financials,XLF,-0.11
2026-08-01,Technology,XLK,-0.22
2026-08-01,Consumer Staples,XLP,-0.49
2026-08-01,Real Estate,XLRE,-0.51
2026-08-01,Healthcare,XLV,-0.59
2026-08-01,Utilities,XLU,-0.69
2026-08-01,Materials,XLB,-2.34
2026-08-01,Consumer Discretionary,XLY,3.29
2026-08-01,Communication Services,XLC,1.56
2026-08-01,Energy,XLE,1.0
2026-08-01,Industrials,XLI,0.81
2026-08-01,Financials,XLF,-0.11
2026-08-01,Technology,XLK,-0.22
2026-08-01,Consumer Staples,XLP,-0.49
2026-08-01,Real Estate,XLRE,-0.51
2026-08-01,Healthcare,XLV,-0.59
2026-08-01,Utilities,XLU,-0.69
2026-08-01,Materials,XLB,-2.34
2026-08-02,Consumer Discretionary,XLY,3.29
2026-08-02,Communication Services,XLC,1.56
2026-08-02,Energy,XLE,1.0
2026-08-02,Industrials,XLI,0.81
2026-08-02,Financials,XLF,-0.11
2026-08-02,Technology,XLK,-0.22
2026-08-02,Consumer Staples,XLP,-0.49
2026-08-02,Real Estate,XLRE,-0.51
2026-08-02,Healthcare,XLV,-0.59
2026-08-02,Utilities,XLU,-0.69
2026-08-02,Materials,XLB,-2.34
2026-08-02,Consumer Discretionary,XLY,3.29
2026-08-02,Communication Services,XLC,1.56
2026-08-02,Energy,XLE,1.0
2026-08-02,Industrials,XLI,0.81
2026-08-02,Financials,XLF,-0.11
2026-08-02,Technology,XLK,-0.22
2026-08-02,Consumer Staples,XLP,-0.49
2026-08-02,Real Estate,XLRE,-0.51
2026-08-02,Healthcare,XLV,-0.59
2026-08-02,Utilities,XLU,-0.69
2026-08-02,Materials,XLB,-2.34
2026-08-03,Consumer Discretionary,XLY,3.29
2026-08-03,Communication Services,XLC,1.56
2026-08-03,Energy,XLE,1.0
2026-08-03,Industrials,XLI,0.81
2026-08-03,Financials,XLF,-0.11
2026-08-03,Technology,XLK,-0.22
2026-08-03,Consumer Staples,XLP,-0.49
2026-08-03,Real Estate,XLRE,-0.51
2026-08-03,Healthcare,XLV,-0.59
2026-08-03,Utilities,XLU,-0.69
2026-08-03,Materials,XLB,-2.34
2026-08-03,Communication Services,XLC,2.86
2026-08-03,Industrials,XLI,1.85
2026-08-03,Consumer Discretionary,XLY,1.83
2026-08-03,Technology,XLK,1.53
2026-08-03,Materials,XLB,1.15
2026-08-03,Financials,XLF,0.77
2026-08-03,Real Estate,XLRE,0.24
2026-08-03,Utilities,XLU,0.02
2026-08-03,Healthcare,XLV,-0.19
2026-08-03,Consumer Staples,XLP,-0.22
2026-08-03,Energy,XLE,-1.28
2026-08-04,Technology,XLK,nan
2026-08-04,Financials,XLF,nan
2026-08-04,Healthcare,XLV,nan
2026-08-04,Energy,XLE,nan
2026-08-04,Consumer Discretionary,XLY,nan
2026-08-04,Consumer Staples,XLP,nan
2026-08-04,Industrials,XLI,nan
2026-08-04,Communication Services,XLC,nan
2026-08-04,Utilities,XLU,nan
2026-08-04,Materials,XLB,nan
2026-08-04,Real Estate,XLRE,nan
2026-08-04,Technology,XLK,4.98
2026-08-04,Materials,XLB,1.94
2026-08-04,Industrials,XLI,1.77
2026-08-04,Financials,XLF,0.87
2026-08-04,Communication Services,XLC,0.63
2026-08-04,Consumer Staples,XLP,0.6
2026-08-04,Consumer Discretionary,XLY,0.07
2026-08-04,Real Estate,XLRE,-0.02
2026-08-04,Healthcare,XLV,-0.09
2026-08-04,Energy,XLE,-0.46
2026-08-04,Utilities,XLU,-0.56
2026-08-05,Technology,XLK,4.98
2026-08-05,Materials,XLB,1.94
2026-08-05,Industrials,XLI,1.77
2026-08-05,Financials,XLF,0.87
2026-08-05,Communication Services,XLC,0.63
2026-08-05,Consumer Staples,XLP,0.6
2026-08-05,Consumer Discretionary,XLY,0.07
2026-08-05,Real Estate,XLRE,-0.02
2026-08-05,Healthcare,XLV,-0.09
2026-08-05,Energy,XLE,-0.46
2026-08-05,Utilities,XLU,-0.56
2026-08-05,Healthcare,XLV,1.27
2026-08-05,Materials,XLB,1.23
2026-08-05,Consumer Discretionary,XLY,0.3
2026-08-05,Financials,XLF,0.21
2026-08-05,Real Estate,XLRE,0.07
2026-08-05,Industrials,XLI,-0.03
2026-08-05,Consumer Staples,XLP,-0.05
2026-08-05,Technology,XLK,-0.53
2026-08-05,Utilities,XLU,-1.02
2026-08-05,Communication Services,XLC,-1.04
2026-08-05,Energy,XLE,-2.07
2026-08-06,Healthcare,XLV,1.27
2026-08-06,Materials,XLB,1.23
2026-08-06,Consumer Discretionary,XLY,0.3
2026-08-06,Financials,XLF,0.21
2026-08-06,Real Estate,XLRE,0.07
2026-08-06,Industrials,XLI,-0.03
2026-08-06,Consumer Staples,XLP,-0.05
2026-08-06,Technology,XLK,-0.53
2026-08-06,Utilities,XLU,-1.02
2026-08-06,Communication Services,XLC,-1.04
2026-08-06,Energy,XLE,-2.07
2026-08-07,Energy,XLE,1.48
2026-08-07,Communication Services,XLC,0.28
2026-08-07,Healthcare,XLV,0.18
2026-08-07,Consumer Staples,XLP,-0.26
2026-08-07,Technology,XLK,-0.31
2026-08-07,Financials,XLF,-0.33
2026-08-07,Consumer Discretionary,XLY,-0.46
2026-08-07,Utilities,XLU,-0.64
2026-08-07,Industrials,XLI,-0.85
2026-08-07,Real Estate,XLRE,-0.86
2026-08-07,Materials,XLB,-0.89
2026-08-07,Energy,XLE,1.48
2026-08-07,Communication Services,XLC,0.28
2026-08-07,Healthcare,XLV,0.18
2026-08-07,Consumer Staples,XLP,-0.26
2026-08-07,Technology,XLK,-0.31
2026-08-07,Financials,XLF,-0.33
2026-08-07,Consumer Discretionary,XLY,-0.46
2026-08-07,Utilities,XLU,-0.64
2026-08-07,Industrials,XLI,-0.85
2026-08-07,Real Estate,XLRE,-0.86
2026-08-07,Materials,XLB,-0.89
2026-08-07,Consumer Discretionary,XLY,1.49
2026-08-07,Technology,XLK,1.42
2026-08-07,Materials,XLB,1.32
2026-08-07,Healthcare,XLV,0.75
2026-08-07,Utilities,XLU,0.53
2026-08-07,Real Estate,XLRE,0.38
2026-08-07,Industrials,XLI,0.23
2026-08-07,Communication Services,XLC,0.06
2026-08-07,Consumer Staples,XLP,0.01
2026-08-07,Financials,XLF,-0.36
2026-08-07,Energy,XLE,-1.13
2026-08-08,Consumer Discretionary,XLY,1.49
2026-08-08,Technology,XLK,1.42
2026-08-08,Materials,XLB,1.32
2026-08-08,Healthcare,XLV,0.75
2026-08-08,Utilities,XLU,0.53
2026-08-08,Real Estate,XLRE,0.38
2026-08-08,Industrials,XLI,0.23
2026-08-08,Communication Services,XLC,0.06
2026-08-08,Consumer Staples,XLP,0.01
2026-08-08,Financials,XLF,-0.36
2026-08-08,Energy,XLE,-1.13
2026-08-08,Consumer Discretionary,XLY,1.49
2026-08-08,Technology,XLK,1.42
2026-08-08,Materials,XLB,1.32
2026-08-08,Healthcare,XLV,0.75
2026-08-08,Utilities,XLU,0.53
2026-08-08,Real Estate,XLRE,0.38
2026-08-08,Industrials,XLI,0.23
2026-08-08,Communication Services,XLC,0.06
2026-08-08,Consumer Staples,XLP,0.01
2026-08-08,Financials,XLF,-0.36
2026-08-08,Energy,XLE,-1.13
2026-08-09,Consumer Discretionary,XLY,1.49
2026-08-09,Technology,XLK,1.42
2026-08-09,Materials,XLB,1.32
2026-08-09,Healthcare,XLV,0.75
2026-08-09,Utilities,XLU,0.53
2026-08-09,Real Estate,XLRE,0.38
2026-08-09,Industrials,XLI,0.23
2026-08-09,Communication Services,XLC,0.06
2026-08-09,Consumer Staples,XLP,0.01
2026-08-09,Financials,XLF,-0.36
2026-08-09,Energy,XLE,-1.13
2026-08-09,Consumer Discretionary,XLY,1.49
2026-08-09,Technology,XLK,1.42
2026-08-09,Materials,XLB,1.32
2026-08-09,Healthcare,XLV,0.75
2026-08-09,Utilities,XLU,0.53
2026-08-09,Real Estate,XLRE,0.38
2026-08-09,Industrials,XLI,0.23
2026-08-09,Communication Services,XLC,0.06
2026-08-09,Consumer Staples,XLP,0.01
2026-08-09,Financials,XLF,-0.36
2026-08-09,Energy,XLE,-1.13
2026-08-10,Consumer Discretionary,XLY,1.49
2026-08-10,Technology,XLK,1.42
2026-08-10,Materials,XLB,1.32
2026-08-10,Healthcare,XLV,0.75
2026-08-10,Utilities,XLU,0.53
2026-08-10,Real Estate,XLRE,0.38
2026-08-10,Industrials,XLI,0.23
2026-08-10,Communication Services,XLC,0.06
2026-08-10,Consumer Staples,XLP,0.01
2026-08-10,Financials,XLF,-0.36
2026-08-10,Energy,XLE,-1.13
2026-08-10,Energy,XLE,4.66
2026-08-10,Healthcare,XLV,1.67
2026-08-10,Materials,XLB,0.61
2026-08-10,Communication Services,XLC,0.52
2026-08-10,Financials,XLF,0.36
2026-08-10,Consumer Discretionary,XLY,-0.16
2026-08-10,Consumer Staples,XLP,-0.2
2026-08-10,Industrials,XLI,-0.31
2026-08-10,Technology,XLK,-0.88
2026-08-10,Utilities,XLU,-1.1
2026-08-10,Real Estate,XLRE,-1.29
2026-08-11,Energy,XLE,4.66
2026-08-11,Healthcare,XLV,1.67
2026-08-11,Materials,XLB,0.61
2026-08-11,Communication Services,XLC,0.52
2026-08-11,Financials,XLF,0.36
2026-08-11,Consumer Discretionary,XLY,-0.16
2026-08-11,Consumer Staples,XLP,-0.2
2026-08-11,Industrials,XLI,-0.31
2026-08-11,Technology,XLK,-0.88
2026-08-11,Utilities,XLU,-1.1
2026-08-11,Real Estate,XLRE,-1.29
2026-08-11,Energy,XLE,1.25
2026-08-11,Utilities,XLU,1.16
2026-08-11,Industrials,XLI,0.6
2026-08-11,Materials,XLB,0.11
2026-08-11,Financials,XLF,-0.02
2026-08-11,Technology,XLK,-0.12
2026-08-11,Healthcare,XLV,-0.26
2026-08-11,Consumer Staples,XLP,-0.31
2026-08-11,Consumer Discretionary,XLY,-0.36
2026-08-11,Communication Services,XLC,-0.5
2026-08-11,Real Estate,XLRE,-0.72
2026-08-12,Energy,XLE,1.25
2026-08-12,Industrials,XLI,0.6
2026-08-12,Communication Services,XLC,nan
2026-08-12,Utilities,XLU,1.16
2026-08-12,Materials,XLB,0.11
2026-08-12,Financials,XLF,-0.02
2026-08-12,Technology,XLK,-0.12
2026-08-12,Healthcare,XLV,-0.26
2026-08-12,Consumer Staples,XLP,-0.31
2026-08-12,Consumer Discretionary,XLY,-0.36
2026-08-12,Real Estate,XLRE,nan
2026-08-12,Technology,XLK,1.49
2026-08-12,Utilities,XLU,0.48
2026-08-12,Consumer Staples,XLP,0.46
2026-08-12,Healthcare,XLV,0.26
2026-08-12,Financials,XLF,0.21
2026-08-12,Energy,XLE,0.16
2026-08-12,Industrials,XLI,0.1
2026-08-12,Consumer Discretionary,XLY,-1.13
2026-08-12,Materials,XLB,-1.24
2026-08-13,Technology,XLK,1.49
2026-08-13,Real Estate,XLRE,0.93
2026-08-13,Utilities,XLU,0.48
2026-08-13,Consumer Staples,XLP,0.46
2026-08-13,Healthcare,XLV,0.26
2026-08-13,Financials,XLF,0.21
2026-08-13,Energy,XLE,0.16
2026-08-13,Industrials,XLI,0.1
2026-08-13,Communication Services,XLC,-0.9
2026-08-13,Consumer Discretionary,XLY,-1.13
2026-08-13,Materials,XLB,-1.24
2026-08-13,Communication Services,XLC,2.07
2026-08-13,Real Estate,XLRE,1.42
2026-08-13,Consumer Staples,XLP,1.08
2026-08-13,Technology,XLK,1.01
2026-08-13,Financials,XLF,0.59
2026-08-13,Consumer Discretionary,XLY,0.48
2026-08-13,Utilities,XLU,0.46
2026-08-13,Energy,XLE,0.05
2026-08-13,Healthcare,XLV,-0.04
2026-08-13,Industrials,XLI,-0.05
2026-08-13,Materials,XLB,-0.51
2026-08-14,Communication Services,XLC,2.07
2026-08-14,Real Estate,XLRE,1.42
2026-08-14,Consumer Staples,XLP,1.08
2026-08-14,Technology,XLK,1.01
2026-08-14,Financials,XLF,0.59
2026-08-14,Consumer Discretionary,XLY,0.48
2026-08-14,Utilities,XLU,0.46
2026-08-14,Energy,XLE,0.05
2026-08-14,Healthcare,XLV,-0.04
2026-08-14,Industrials,XLI,-0.05
2026-08-14,Materials,XLB,-0.51
2026-08-14,Energy,XLE,1.39
2026-08-14,Utilities,XLU,0.61
2026-08-14,Materials,XLB,0.44
2026-08-14,Industrials,XLI,0.39
2026-08-14,Communication Services,XLC,0.36
2026-08-14,Real Estate,XLRE,0.33
2026-08-14,Consumer Staples,XLP,0.1
2026-08-14,Financials,XLF,-0.17
2026-08-14,Consumer Discretionary,XLY,-0.21
2026-08-14,Technology,XLK,-0.4
2026-08-14,Healthcare,XLV,-0.6
2026-08-15,Energy,XLE,1.39
2026-08-15,Utilities,XLU,0.61
2026-08-15,Materials,XLB,0.44
2026-08-15,Industrials,XLI,0.39
2026-08-15,Communication Services,XLC,0.36
2026-08-15,Real Estate,XLRE,0.33
2026-08-15,Consumer Staples,XLP,0.1
2026-08-15,Financials,XLF,-0.17
2026-08-15,Consumer Discretionary,XLY,-0.21
2026-08-15,Technology,XLK,-0.4
2026-08-15,Healthcare,XLV,-0.6
2026-08-15,Energy,XLE,1.39
2026-08-15,Utilities,XLU,0.61
2026-08-15,Materials,XLB,0.44
2026-08-15,Industrials,XLI,0.39
2026-08-15,Communication Services,XLC,0.36
2026-08-15,Real Estate,XLRE,0.33
2026-08-15,Consumer Staples,XLP,0.1
2026-08-15,Financials,XLF,-0.17
2026-08-15,Consumer Discretionary,XLY,-0.21
2026-08-15,Technology,XLK,-0.4
2026-08-15,Healthcare,XLV,-0.6
2026-08-16,Energy,XLE,1.39
2026-08-16,Utilities,XLU,0.61
2026-08-16,Materials,XLB,0.44
2026-08-16,Industrials,XLI,0.39
2026-08-16,Communication Services,XLC,0.36
2026-08-16,Real Estate,XLRE,0.33
2026-08-16,Consumer Staples,XLP,0.1
2026-08-16,Financials,XLF,-0.17
2026-08-16,Consumer Discretionary,XLY,-0.21
2026-08-16,Technology,XLK,-0.4
2026-08-16,Healthcare,XLV,-0.6
2026-08-16,Energy,XLE,1.39
2026-08-16,Utilities,XLU,0.61
2026-08-16,Materials,XLB,0.44
2026-08-16,Industrials,XLI,0.39
2026-08-16,Communication Services,XLC,0.36
2026-08-16,Real Estate,XLRE,0.33
2026-08-16,Consumer Staples,XLP,0.1
2026-08-16,Financials,XLF,-0.17
2026-08-16,Consumer Discretionary,XLY,-0.21
2026-08-16,Technology,XLK,-0.4
2026-08-16,Healthcare,XLV,-0.6
2026-08-17,Energy,XLE,1.39
2026-08-17,Utilities,XLU,0.61
2026-08-17,Materials,XLB,0.44
2026-08-17,Industrials,XLI,0.39
2026-08-17,Communication Services,XLC,0.36
2026-08-17,Real Estate,XLRE,0.33
2026-08-17,Consumer Staples,XLP,0.1
2026-08-17,Financials,XLF,-0.17
2026-08-17,Consumer Discretionary,XLY,-0.21
2026-08-17,Technology,XLK,-0.4
2026-08-17,Healthcare,XLV,-0.6
2026-08-17,Energy,XLE,1.08
2026-08-17,Technology,XLK,0.16
2026-08-17,Industrials,XLI,-0.1
2026-08-17,Healthcare,XLV,-0.19
2026-08-17,Utilities,XLU,-0.29
2026-08-17,Materials,XLB,-0.57
2026-08-17,Real Estate,XLRE,-0.97
2026-08-17,Financials,XLF,-1.0
2026-08-17,Consumer Discretionary,XLY,-1.23
2026-08-17,Consumer Staples,XLP,-1.64
2026-08-17,Communication Services,XLC,-1.89
2026-08-18,Technology,XLK,nan
2026-08-18,Financials,XLF,nan
2026-08-18,Healthcare,XLV,nan
2026-08-18,Energy,XLE,nan
2026-08-18,Consumer Discretionary,XLY,nan
2026-08-18,Consumer Staples,XLP,nan
2026-08-18,Industrials,XLI,nan
2026-08-18,Communication Services,XLC,nan
2026-08-18,Utilities,XLU,nan
2026-08-18,Materials,XLB,nan
2026-08-18,Real Estate,XLRE,nan
2026-08-18,Energy,XLE,1.76
2026-08-18,Healthcare,XLV,1.6
2026-08-18,Consumer Staples,XLP,1.06
2026-08-18,Financials,XLF,0.45
2026-08-18,Communication Services,XLC,-0.31
2026-08-18,Consumer Discretionary,XLY,-0.33
2026-08-18,Utilities,XLU,-0.36
2026-08-18,Real Estate,XLRE,-0.45
2026-08-18,Materials,XLB,-0.88
2026-08-18,Industrials,XLI,-1.48
2026-08-18,Technology,XLK,-2.47
2026-08-19,Energy,XLE,1.76
2026-08-19,Healthcare,XLV,1.6
2026-08-19,Consumer Staples,XLP,1.06
2026-08-19,Financials,XLF,0.45
2026-08-19,Communication Services,XLC,-0.31
2026-08-19,Consumer Discretionary,XLY,-0.33
2026-08-19,Utilities,XLU,-0.36
2026-08-19,Real Estate,XLRE,-0.45
2026-08-19,Materials,XLB,-0.88
2026-08-19,Industrials,XLI,-1.48
2026-08-19,Technology,XLK,-2.47
2026-08-19,Healthcare,XLV,3.51
2026-08-19,Consumer Discretionary,XLY,1.92
2026-08-19,Materials,XLB,1.43
2026-08-19,Consumer Staples,XLP,1.12
2026-08-19,Real Estate,XLRE,0.81
2026-08-19,Communication Services,XLC,0.76
2026-08-19,Utilities,XLU,0.0
2026-08-19,Energy,XLE,-0.16
2026-08-19,Financials,XLF,-0.62
2026-08-19,Industrials,XLI,-0.88
2026-08-19,Technology,XLK,-1.07
2026-08-20,Healthcare,XLV,3.51
2026-08-20,Consumer Discretionary,XLY,1.92
2026-08-20,Materials,XLB,1.43
2026-08-20,Consumer Staples,XLP,1.12
2026-08-20,Real Estate,XLRE,0.81
2026-08-20,Communication Services,XLC,0.76
2026-08-20,Utilities,XLU,0.0
2026-08-20,Energy,XLE,-0.16
2026-08-20,Financials,XLF,-0.62
2026-08-20,Industrials,XLI,-0.88
2026-08-20,Technology,XLK,-1.07
2026-08-20,Energy,XLE,0.27
2026-08-20,Real Estate,XLRE,0.2
2026-08-20,Materials,XLB,-0.19
2026-08-20,Technology,XLK,-0.29
2026-08-20,Utilities,XLU,-0.57
2026-08-20,Communication Services,XLC,-0.57
2026-08-20,Financials,XLF,-0.92
2026-08-20,Industrials,XLI,-1.2
2026-08-20,Consumer Staples,XLP,-1.41
2026-08-20,Consumer Discretionary,XLY,-1.61
2026-08-20,Healthcare,XLV,-1.87
2026-08-21,Energy,XLE,0.27
2026-08-21,Real Estate,XLRE,0.2
2026-08-21,Materials,XLB,-0.19
2026-08-21,Technology,XLK,-0.29
2026-08-21,Utilities,XLU,-0.57
2026-08-21,Communication Services,XLC,-0.57
2026-08-21,Financials,XLF,-0.92
2026-08-21,Industrials,XLI,-1.2
2026-08-21,Consumer Staples,XLP,-1.41
2026-08-21,Consumer Discretionary,XLY,-1.61
2026-08-21,Healthcare,XLV,-1.87
2026-08-21,Materials,XLB,2.14
2026-08-21,Healthcare,XLV,1.29
2026-08-21,Consumer Discretionary,XLY,1.15
2026-08-21,Financials,XLF,0.93
2026-08-21,Consumer Staples,XLP,0.79
2026-08-21,Communication Services,XLC,0.65
2026-08-21,Industrials,XLI,0.27
2026-08-21,Technology,XLK,0.11
2026-08-21,Real Estate,XLRE,0.0
2026-08-21,Energy,XLE,-0.17
2026-08-21,Utilities,XLU,-2.28
2026-08-22,Materials,XLB,2.14
2026-08-22,Healthcare,XLV,1.29
2026-08-22,Consumer Discretionary,XLY,1.15
2026-08-22,Financials,XLF,0.93
2026-08-22,Consumer Staples,XLP,0.79
2026-08-22,Communication Services,XLC,0.65
2026-08-22,Industrials,XLI,0.27
2026-08-22,Technology,XLK,0.11
2026-08-22,Real Estate,XLRE,0.0
2026-08-22,Energy,XLE,-0.17
2026-08-22,Utilities,XLU,-2.28
2026-08-22,Materials,XLB,2.14
2026-08-22,Healthcare,XLV,1.29
2026-08-22,Consumer Discretionary,XLY,1.15
2026-08-22,Financials,XLF,0.93
2026-08-22,Consumer Staples,XLP,0.79
2026-08-22,Communication Services,XLC,0.65
2026-08-22,Industrials,XLI,0.27
2026-08-22,Technology,XLK,0.11
2026-08-22,Real Estate,XLRE,0.0
2026-08-22,Energy,XLE,-0.17
2026-08-22,Utilities,XLU,-2.28
2026-08-23,Materials,XLB,2.14
2026-08-23,Healthcare,XLV,1.29
2026-08-23,Consumer Discretionary,XLY,1.15
2026-08-23,Financials,XLF,0.93
2026-08-23,Consumer Staples,XLP,0.79
2026-08-23,Communication Services,XLC,0.65
2026-08-23,Industrials,XLI,0.27
2026-08-23,Technology,XLK,0.11
2026-08-23,Real Estate,XLRE,0.0
2026-08-23,Energy,XLE,-0.17
2026-08-23,Utilities,XLU,-2.28
2026-08-23,Materials,XLB,2.14
2026-08-23,Healthcare,XLV,1.29
2026-08-23,Consumer Discretionary,XLY,1.15
2026-08-23,Financials,XLF,0.93
2026-08-23,Consumer Staples,XLP,0.79
2026-08-23,Communication Services,XLC,0.65
2026-08-23,Industrials,XLI,0.27
2026-08-23,Technology,XLK,0.11
2026-08-23,Real Estate,XLRE,0.0
2026-08-23,Energy,XLE,-0.17
2026-08-23,Utilities,XLU,-2.28
2026-08-24,Materials,XLB,2.14
2026-08-24,Healthcare,XLV,1.29
2026-08-24,Consumer Discretionary,XLY,1.15
2026-08-24,Financials,XLF,0.93
2026-08-24,Consumer Staples,XLP,0.79
2026-08-24,Communication Services,XLC,0.65
2026-08-24,Industrials,XLI,0.27
2026-08-24,Technology,XLK,0.11
2026-08-24,Real Estate,XLRE,0.0
2026-08-24,Energy,XLE,-0.17
2026-08-24,Utilities,XLU,-2.28
2026-08-24,Consumer Staples,XLP,1.7
2026-08-24,Financials,XLF,1.29
2026-08-24,Utilities,XLU,1.05
2026-08-24,Communication Services,XLC,0.83
2026-08-24,Real Estate,XLRE,0.55
2026-08-24,Consumer Discretionary,XLY,0.24
2026-08-24,Materials,XLB,0.07
2026-08-24,Healthcare,XLV,0.05
2026-08-24,Industrials,XLI,-0.69
2026-08-24,Energy,XLE,-0.83
2026-08-24,Technology,XLK,-1.78
2026-08-25,Consumer Staples,XLP,1.7
2026-08-25,Financials,XLF,1.29
2026-08-25,Utilities,XLU,1.05
2026-08-25,Communication Services,XLC,0.83
2026-08-25,Real Estate,XLRE,0.55
2026-08-25,Consumer Discretionary,XLY,0.24
2026-08-25,Materials,XLB,0.07
2026-08-25,Healthcare,XLV,0.05
2026-08-25,Industrials,XLI,-0.69
2026-08-25,Energy,XLE,-0.83
2026-08-25,Technology,XLK,-1.78
2026-08-25,Technology,XLK,0.94
2026-08-25,Communication Services,XLC,0.77
2026-08-25,Healthcare,XLV,0.34
2026-08-25,Utilities,XLU,0.21
2026-08-25,Financials,XLF,0.15
2026-08-25,Real Estate,XLRE,0.07
2026-08-25,Materials,XLB,0.0
2026-08-25,Consumer Discretionary,XLY,-0.3
2026-08-25,Industrials,XLI,-0.34
2026-08-25,Consumer Staples,XLP,-1.06
2026-08-25,Energy,XLE,-1.66
2026-08-26,Technology,XLK,0.94
2026-08-26,Communication Services,XLC,0.77
2026-08-26,Healthcare,XLV,0.34
2026-08-26,Utilities,XLU,0.21
2026-08-26,Financials,XLF,0.15
2026-08-26,Real Estate,XLRE,0.07
2026-08-26,Materials,XLB,0.0
2026-08-26,Consumer Discretionary,XLY,-0.3
2026-08-26,Industrials,XLI,-0.34
2026-08-26,Consumer Staples,XLP,-1.06
2026-08-26,Energy,XLE,-1.66
2026-08-27,Industrials,XLI,1.09
2026-08-27,Technology,XLK,0.61
2026-08-27,Energy,XLE,0.6
2026-08-27,Utilities,XLU,0.46
2026-08-27,Materials,XLB,0.17
2026-08-27,Financials,XLF,-0.09
2026-08-27,Consumer Staples,XLP,-0.29
2026-08-27,Communication Services,XLC,-0.5
2026-08-27,Real Estate,XLRE,-0.6
2026-08-27,Consumer Discretionary,XLY,-0.67
2026-08-27,Healthcare,XLV,-1.0
2026-08-27,Technology,XLK,3.14
2026-08-27,Energy,XLE,-0.26
2026-08-27,Financials,XLF,-0.62
2026-08-27,Materials,XLB,-0.78
2026-08-27,Utilities,XLU,-0.79
2026-08-27,Industrials,XLI,-0.85
2026-08-27,Real Estate,XLRE,-0.98
2026-08-27,Communication Services,XLC,-1.05
2026-08-27,Consumer Discretionary,XLY,-1.09
2026-08-27,Healthcare,XLV,-1.12
2026-08-27,Consumer Staples,XLP,-1.37
2026-08-28,Technology,XLK,3.16
2026-08-28,Energy,XLE,-0.22
2026-08-28,Financials,XLF,-0.65
2026-08-28,Utilities,XLU,-0.76
2026-08-28,Materials,XLB,-0.82
2026-08-28,Industrials,XLI,-0.85
2026-08-28,Real Estate,XLRE,-0.95
2026-08-28,Communication Services,XLC,-1.07
2026-08-28,Consumer Discretionary,XLY,-1.09
2026-08-28,Healthcare,XLV,-1.13
2026-08-28,Consumer Staples,XLP,-1.38
2026-08-28,Communication Services,XLC,1.42
2026-08-28,Consumer Discretionary,XLY,1.15
2026-08-28,Energy,XLE,0.63
2026-08-28,Consumer Staples,XLP,0.43
2026-08-28,Financials,XLF,0.38
2026-08-28,Materials,XLB,-0.09
2026-08-28,Healthcare,XLV,-0.24
2026-08-28,Real Estate,XLRE,-0.4
2026-08-28,Industrials,XLI,-0.93
2026-08-28,Utilities,XLU,-1.04
2026-08-28,Technology,XLK,-1.55
2026-08-29,Communication Services,XLC,1.42
2026-08-29,Consumer Discretionary,XLY,1.15
2026-08-29,Energy,XLE,0.63
2026-08-29,Consumer Staples,XLP,0.43
2026-08-29,Financials,XLF,0.38
2026-08-29,Materials,XLB,-0.09
2026-08-29,Healthcare,XLV,-0.24
2026-08-29,Real Estate,XLRE,-0.4
2026-08-29,Industrials,XLI,-0.93
2026-08-29,Utilities,XLU,-1.04
2026-08-29,Technology,XLK,-1.55
